Workbook

Sheet TOC
B2: Inhaltsverzeichnis | D2: Source: | E2: https://raw.githubusercontent.com/walter-rothlin/Source-Code/master/SchulungsUnterlagen/Formelbuch_Rothlin_Walter.xlsx
B4: Mathematik | D4: Elektrotechnik | F4: Excel-Staff
B5: 45750 | C5: Einheiten umrechnen | D5: 45991 | E5: =Einheitenvorsätze!$C$2 -> Einheiten-Vorsätze | F5: 45758 | G5: =Geburtstagsliste!$C$2 -> Geburtstagsliste für 2026
B6: 45730 | C6: =Flächenberechnungen!$C$2 -> Flächenberechnungen | D6: 45944 | E6: ='Elektronische Schaltzeichen'!$C$2 -> Elektronische Schaltzeichen
B7: 46112 | C7: =Sinuskurve!C2 -> Sinus-Kurve | D7: 45932 | E7: ='Quelle mit Innenwiderstand'!$C$2 -> Quelle mit Innenwiderstand
B8: 46196 | C8: =Sinus_Cosinus!$F$2 -> Sinus / Cosinus / Tangens | D8: 46177 | E8: ='Gemischte Schaltungen'!C2 -> Gemischte Schaltungen
B9: 45772 | C9: Vektoroperationen | D9: 46184 | E9: ='LCR-Glieder an Wechselspannung'!$C$2 -> RCL-Glieder (Serieschaltung) an Wechselspannung
B10: 45870 | C10: =VektorZeitbereich!$C$2 -> Sinusförmige Signale im Zeitbereich / Vektoren | D10: 46035 | E10: ='Kondensator an Gleichspannung'!$C$2 -> Kondensator an Gleichspannung
B11: 45873 | C11: =Theoreme!$C$2 -> Trigonometrischen Theoreme und Identitäten | D11: 46107 | E11: =Magnetismus!$C$2 -> Magnetismus
B12: 45873 | C12: ='Fläche eines Polygones'!$C$2 -> Polygone-Fläche
B13: 46182 | C13: Spitzenwert / Effektivwert / Wellenlänge / Periodendauer
D15: 45873 | E15: =Scheinleistung!$C$2 -> Scheinleistung S [VA] - Blindleistung Q [var] - Wirkleistung P [W]
D16: 45908 | E16: ='Leistung bei Wechselstrom'!$C$2 -> Leistung bei ein-phasigem Wechselstrom
B17: Physik | D17: 45939 | E17: ='3-Phasenstrom'!$C$2 -> 3-Phasenstrom (Verkettete Spannung)
B18: 45979 | C18: =Kinematik_1!$C$2 -> Kinematik I | D18: 45870 | E18: =Fourierreihe!$C$2 -> Fourierreihe
B19: 45998 | C19: ='Kinematik_1 (Weg-Zeit)'!$C$2 -> Weg-Zeit Diagramm (Kinematik I)
B21: 46032 | C21: Kinematik_2 | D21: 46149 | E21: Belasteter Spannungsteiler
B22: 45701 | C22: Kinematik 2 Berechnungen
B23: 45998 | C23: ='Kinematik_2 (Weg-Zeit)'!$C$2 -> Weg-Zeit Diagramm (Kinematik II)
B25: 45786 | C25: Schiefe Ebene

Sheet Gemischte Schaltungen
C2: Gemischte Schaltungen
P5: R1 | Q5: = | R5: 0.5 | S5: Ω | U5: =U59 -> U1 | V5: =V59 -> = | W5: =W59 -> 0.38502674 | X5: =X59 -> V | Z5: =U98 -> I1 = I23 = I123 | AA5: =V98 -> = | AB5: =W98 -> 0.77005348 | AC5: =X98 -> A
P6: R2 | Q6: = | R6: 0.5 | S6: Ω | U6: =U62 -> U1 = U2 = U23 | V6: =V62 -> = | W6: =W62 -> 0.25668449 | X6: =X62 -> V | Z6: =U18 -> I2 | AA6: =V18 -> = | AB6: =W18 -> 0.51336898 | AC6: =X18 -> A
P7: R3 | Q7: = | R7: 1 | S7: Ω | U7: =U62 -> U1 = U2 = U23 | V7: =V62 -> = | W7: =W62 -> 0.25668449 | X7: =X62 -> V | Z7: =U21 -> I3 | AA7: =V21 -> = | AB7: =W21 -> 0.25668449 | AC7: =X21 -> A
P8: R4 | Q8: = | R8: 1 | S8: Ω | U8: =U88 -> U4 = U5 = U123 = U12345 | V8: =V88 -> = | W8: =W88 -> 0.64171123 | X8: =X88 -> V | Z8: =U24 -> I4 | AA8: =V24 -> = | AB8: =W24 -> 0.64171123 | AC8: =X24 -> A
P9: R5 | Q9: = | R9: 2 | S9: Ω | U9: =U88 -> U4 = U5 = U123 = U12345 | V9: =V88 -> = | W9: =W88 -> 0.64171123 | X9: =X88 -> V | Z9: =U27 -> I5 | AA9: =V27 -> = | AB9: =W27 -> 0.32085561 | AC9: =X27 -> A
P10: R6 | Q10: = | R10: 2 | S10: Ω | U10: =U144 -> U6 | V10: =V144 -> = | W10: =W144 -> 3.4652406 | X10: =X144 -> V | Z10: =U183 -> I6 = I12345 = I123456 | AA10: =V183 -> = | AB10: =W183 -> 1.7326203 | AC10: =X183 -> A
P11: R7 | Q11: = | R11: 0.5 | S11: Ω | U11: =U31 -> U7 | V11: =V31 -> = | W11: =W31 -> 2.0534759 | X11: =X31 -> V | Z11: =U68 -> I7 = I8 = I78 | AA11: =V68 -> = | AB11: =W68 -> 4.1069519 | AC11: =X68 -> A
P12: R8 | Q12: = | R12: 0.5 | S12: Ω | U12: =U34 -> U8 | V12: =V34 -> = | W12: =W34 -> 2.0534759 | X12: =X34 -> V | Z12: =U68 -> I7 = I8 = I78 | AA12: =V68 -> = | AB12: =W68 -> 4.1069519 | AC12: =X68 -> A
P13: R9 | Q13: = | R13: 2 | S13: Ω | U13: =U172 -> U9 = U123456789 = U78 = U123456 | V13: =V172 -> = | W13: =W172 -> 4.1069519 | X13: =X172 -> V | Z13: =U65 -> I9 | AA13: =V65 -> = | AB13: =W65 -> 2.0534759 | AC13: =X65 -> A
P14: R10 | Q14: = | R14: 1 | S14: Ω | U14: =U229 -> U10 | V14: =V229 -> = | W14: =W229 -> 7.8930481 | X14: =X229 -> V | Z14: =U273 -> I10 = I123456789 = ITot | AA14: =V273 -> = | AB14: =W273 -> 7.8930481 | AC14: =X273 -> A
P15: RTot | Q15: = | R15: =R273 -> 1.5203252 | S15: V | U15: UTot | V15: = | W15: 12 | X15: V | Z15: =U273 -> I10 = I123456789 = ITot | AA15: =V273 -> = | AB15: =W273 -> 7.8930481 | AC15: =X273 -> A
U17: I2 | V17: = | W17: U23 / R2
P18: =P59 -> R23 | Q18: =Q59 -> = | R18: =R59 -> 0.33333333 | S18: =S59 -> Ω | U18: I2 | V18: = | W18: =W62/R6 -> 0.51336898 | X18: A
P19: =P62 -> R45 | Q19: =Q62 -> = | R19: =R62 -> 0.66666667 | S19: =S62 -> Ω
P20: =P65 -> R78 | Q20: =Q65 -> = | R20: =R65 -> 1 | S20: =S65 -> Ω | U20: I3 | V20: = | W20: U23 / R3
U21: I3 | V21: = | W21: =W62/R7 -> 0.25668449 | X21: A
P22: =P98 -> R123 | Q22: =Q98 -> = | R22: =R98 -> 0.83333333 | S22: =S98 -> Ω
P23: =P101 -> R789 | Q23: =Q101 -> = | R23: =R101 -> 0.66666667 | S23: =S101 -> Ω | U23: I4 | V23: = | W23: U12345 / R4
U24: I4 | V24: = | W24: =W88/R8 -> 0.64171123 | X24: A
P25: =P141 -> R12345 | Q25: =Q141 -> = | R25: =R141 -> 0.37037037 | S25: =S141 -> Ω
U26: I5 | V26: = | W26: U12345 / R5
P27: =P180 -> R123456 | Q27: =Q180 -> = | R27: =R180 -> 2.3703704 | S27: =S180 -> Ω | U27: I5 | V27: = | W27: =W88/R9 -> 0.32085561 | X27: A
P29: =P226 -> R123456789 | Q29: =Q226 -> = | R29: =R226 -> 0.5203252 | S29: =S226 -> Ω
U30: U7 | V30: = | W30: I78 * R7
P31: =P273 -> RTot | Q31: =Q273 -> = | R31: =R273 -> 1.5203252 | S31: =S273 -> Ω | U31: U7 | V31: = | W31: =W68*R11 -> 2.0534759 | X31: V
U33: U8 | V33: = | W33: I78 * R8
U34: U8 | V34: = | W34: =W68*R12 -> 2.0534759 | X34: V
C45: 1.Schritt
P48: =P6 -> R2 | Q48: =Q6 -> = | R48: =R6 -> 0.5 | S48: =S6 -> Ω | U48: =U98 -> I1 = I23 = I123 | V48: =V98 -> = | W48: =W98 -> 0.77005348 | X48: =X98 -> A
P49: =P7 -> R3 | Q49: =Q7 -> = | R49: =R7 -> 1 | S49: =S7 -> Ω | U49: =U226 -> U9 = U123456789 = U78 = U123456 | V49: =V226 -> = | W49: =W226 -> 4.1069519 | X49: =X226 -> V
P50: =P8 -> R4 | Q50: =Q8 -> = | R50: =R8 -> 1 | S50: =S8 -> Ω | U50: =P5 -> R1 | V50: =Q5 -> = | W50: =R5 -> 0.5 | X50: =S5 -> Ω
P51: =P9 -> R5 | Q51: =Q9 -> = | R51: =R9 -> 2 | S51: =S9 -> Ω | U51: =P59 -> R23 | V51: =Q59 -> = | W51: =R59 -> 0.33333333 | X51: =S59 -> Ω
P52: =P11 -> R7 | Q52: =Q11 -> = | R52: =R11 -> 0.5 | S52: =S11 -> Ω | U52: =P65 -> R78 | V52: =Q65 -> = | W52: =R65 -> 1 | X52: =S65 -> Ω
P53: =P12 -> R8 | Q53: =Q12 -> = | R53: =R12 -> 0.5 | S53: =S12 -> Ω | U53: =P13 -> R9 | V53: =Q13 -> = | W53: =R13 -> 2 | X53: =S13 -> Ω
P58: R23 | Q58: = | R58: R2||R3 | U58: U1 | V58: = | W58: I123 * R1
P59: R23 | Q59: = | R59: =1/(1/R6+1/R7) -> 0.33333333 | S59: Ω | U59: U1 | V59: = | W59: =W48*W50 -> 0.38502674 | X59: V
P61: R45 | Q61: = | R61: R4||R5 | U61: U23 | V61: = | W61: I123 * R23
P62: R45 | Q62: = | R62: =1/(1/R8+1/R9) -> 0.66666667 | S62: Ω | U62: U1 = U2 = U23 | V62: = | W62: =W48*W51 -> 0.25668449 | X62: V
P64: R78 | Q64: = | R64: R7 + R8 | U64: I9 | V64: = | W64: U123456789 / R9
P65: R78 | Q65: = | R65: =R11+R12 -> 1 | S65: Ω | U65: I9 | V65: = | W65: =W49/W53 -> 2.0534759 | X65: A
U67: I78 | V67: = | W67: U123456789 / R78
U68: I7 = I8 = I78 | V68: = | W68: =W49/W52 -> 4.1069519 | X68: A
U71: U1 + U23 = U12345 | V71: =IF(W59+W62=W88,1,-1) -> 1
U73: I9 + I78 = I789 | V73: =IF(W65+W68=W180,1,-1) -> 1
C88: 2.Schritt | P88: =P5 -> R1 | Q88: =Q5 -> = | R88: =R5 -> 0.5 | S88: =S5 -> Ω | U88: =U141 -> U4 = U5 = U123 = U12345 | V88: =V141 -> = | W88: =W141 -> 0.64171123 | X88: =X141 -> V
P89: =P13 -> R9 | Q89: =Q13 -> = | R89: =R13 -> 2 | S89: =S13 -> Ω | U89: =P98 -> R123 | V89: =Q98 -> = | W89: =R98 -> 0.83333333 | X89: =S98 -> Ω
P90: =P59 -> R23 | Q90: =Q59 -> = | R90: =R59 -> 0.33333333 | S90: =S59 -> Ω | U90: =P135 -> R45 | V90: =Q135 -> = | W90: =R135 -> 0.66666667 | X90: =S135 -> Ω
P91: =P65 -> R78 | Q91: =Q65 -> = | R91: =R65 -> 1 | S91: =S65 -> Ω
P97: R123 | Q97: = | R97: R23 + R1 | U97: I123 | V97: = | W97: U12345 / R123
P98: R123 | Q98: = | R98: =R90+R88 -> 0.83333333 | S98: Ω | U98: I1 = I23 = I123 | V98: = | W98: =W88/W89 -> 0.77005348 | X98: A
P100: R789 | Q100: = | R100: R9||R78 | U100: I45 | V100: = | W100: U12345 / R45
P101: R789 | Q101: = | R101: =1/(1/R89+1/R91) -> 0.66666667 | S101: Ω | U101: I45 | V101: = | W101: =W88/W90 -> 0.96256684 | X101: A
U104: I123 + I45 = I123456 | V104: =IF(W98+W101=W137,1,-1) -> 1
C130: 3.Schritt
P135: =P62 -> R45 | Q135: =Q62 -> = | R135: =R62 -> 0.66666667 | S135: =S62 -> Ω | U135: =P141 -> R12345 | V135: =Q141 -> = | W135: =R141 -> 0.37037037 | X135: =S141 -> Ω
P136: =P98 -> R123 | Q136: =Q98 -> = | R136: =R98 -> 0.83333333 | S136: =S98 -> Ω | U136: =P172 -> R6 | V136: =Q172 -> = | W136: =R172 -> 2 | X136: =S172 -> Ω
U137: =U183 -> I6 = I12345 = I123456 | V137: =V183 -> = | W137: =W183 -> 1.7326203 | X137: =X183 -> A
P140: R12345 | Q140: = | R140: R45||R123 | U140: U12345 | V140: = | W140: I123456 * R12345
P141: R12345 | Q141: = | R141: =1/(1/R135+1/R136) -> 0.37037037 | S141: Ω | U141: U4 = U5 = U123 = U12345 | V141: = | W141: =W137*W135 -> 0.64171123 | X141: V
U143: U6 | V143: = | W143: I123456 * R6
U144: U6 | V144: = | W144: =W137*W136 -> 3.4652406 | X144: V
U146: U6 + U12345 = U123456789 = | V146: =IF(W144+W141=W172,1,-1) -> 1
C170: 4.Schritt
E171: =$W$273 -> 7.8930481
P172: =P10 -> R6 | Q172: =Q10 -> = | R172: =R10 -> 2 | S172: =S10 -> Ω | U172: =U226 -> U9 = U123456789 = U78 = U123456 | V172: =V226 -> = | W172: =W226 -> 4.1069519 | X172: =X226 -> V
P173: =P141 -> R12345 | Q173: =Q141 -> = | R173: =R141 -> 0.37037037 | S173: =S141 -> Ω | U173: =P180 -> R123456 | V173: =Q180 -> = | W173: =R180 -> 2.3703704 | X173: =S180 -> Ω
U174: =P217 -> R789 | V174: =Q217 -> = | W174: =R217 -> 0.66666667 | X174: =S217 -> Ω
U175: =P267 -> R10 | V175: =Q267 -> = | W175: =R267 -> 1 | X175: =S267 -> Ω
U176: =U217 -> I10 = I123456789 = ITot | V176: =V217 -> = | W176: =W217 -> 7.8930481 | X176: =X217 -> A
F178: =$W$226 -> 4.1069519 | I178: =$W$226 -> 4.1069519
D179: =$W$229 -> 7.8930481 | P179: R123456 | Q179: = | R179: R6 + R12345 | U179: I789 | V179: = | W179: U123456789 / R789
P180: R123456 | Q180: = | R180: =R172+R173 -> 2.3703704 | S180: Ω | U180: I789 | V180: = | W180: =W172/W174 -> 6.1604278 | X180: A
U182: I123456 | V182: = | W182: U123456789 / R123456
U183: I6 = I12345 = I123456 | V183: = | W183: =W172/W173 -> 1.7326203 | X183: A
U186: I789 + I123456 = ITot | V186: =IF(W180+W183=W273,1,-1) -> 1
G187: =W180 -> 6.1604278 | I187: =$W$183 -> 1.7326203
C213: 5.Schritt
P217: =P101 -> R789 | Q217: =Q101 -> = | R217: =R101 -> 0.66666667 | S217: =S101 -> Ω | U217: =U273 -> I10 = I123456789 = ITot | V217: =V273 -> = | W217: =W273 -> 7.8930481 | X217: =X273 -> A
P218: =P180 -> R123456 | Q218: =Q180 -> = | R218: =R180 -> 2.3703704 | S218: =S180 -> Ω | U218: =P226 -> R123456789 | V218: =Q226 -> = | W218: =R226 -> 0.5203252 | X218: =S226 -> Ω
H219: =$W$273 -> 7.8930481 | U219: =P267 -> R10 | V219: =Q267 -> = | W219: =R267 -> 1 | X219: =S267 -> Ω
D221: =$W$229 -> 7.8930481
I225: =$W$226 -> 4.1069519 | P225: R123456789 | Q225: = | R225: R789||R123456 | U225: U123456789 | V225: = | W225: ITot * R123456789
P226: R123456789 | Q226: = | R226: =1/(1/R217+1/R218) -> 0.5203252 | S226: Ω | U226: U9 = U123456789 = U78 = U123456 | V226: = | W226: =W218*W217 -> 4.1069519 | X226: V
U228: U10 | V228: = | W228: ITot * R10
U229: U10 | V229: = | W229: =W217*W219 -> 7.8930481 | X229: V
U232: U10 + U123456789 = UTot | V232: =IF(W226+W229=W267,1,-1) -> 1
C257: 6.Schritt
P267: =P14 -> R10 | Q267: =Q14 -> = | R267: =R14 -> 1 | S267: =S14 -> Ω | U267: =U15 -> UTot | V267: =V15 -> = | W267: =W15 -> 12 | X267: =X15 -> V
H268: =$W$273 -> 7.8930481 | P268: =P226 -> R123456789 | Q268: =Q226 -> = | R268: =R226 -> 0.5203252 | S268: =S226 -> Ω | U268: =P273 -> RTot | V268: =Q273 -> = | W268: =R273 -> 1.5203252 | X268: =S273 -> Ω
P272: RTot | Q272: = | R272: R10 + R123456789 | U272: ITot | V272: = | W272: UTot / RTot
I273: =W267 -> 12 | P273: RTot | Q273: = | R273: =R267+R268 -> 1.5203252 | S273: Ω | U273: I10 = I123456789 = ITot | V273: = | W273: =W267/W268 -> 7.8930481 | X273: A

Sheet Belasteter Spannungsteiler
C2: Belasteter Spannungsteiler
H7: Regeln (Kirchhof): | K7: Gegeben: | L7: R1 = | M7: 1 | N7: k | O7: =Einheitenvorsätze!$B$61 -> Ω | P7: =VLOOKUP(N7, CHOOSE({1,2,3,4,5}, Einheitenvorsätze!A:A, Einheitenvorsätze!B:B, Einheitenvorsätze!C:C, Einheitenvorsätze!D:D, Einheitenvorsätze!E:E), 5, FALSE) -> 3 | Q7: =M7*VLOOKUP(N7, CHOOSE({1,2,3,4}, Einheitenvorsätze!A:A, Einheitenvorsätze!B:B, Einheitenvorsätze!C:C, Einheitenvorsätze!D:D), 3, FALSE) -> 1000 | R7: R11 = | S7: 2.4 | T7: k | U7: =Einheitenvorsätze!$B$61 -> Ω | V7: =VLOOKUP(T7, CHOOSE({1,2,3,4,5}, Einheitenvorsätze!A:A, Einheitenvorsätze!B:B, Einheitenvorsätze!C:C, Einheitenvorsätze!D:D, Einheitenvorsätze!E:E), 5, FALSE) -> 3 | W7: =S7*VLOOKUP(T7, CHOOSE({1,2,3,4}, Einheitenvorsätze!A:A, Einheitenvorsätze!B:B, Einheitenvorsätze!C:C, Einheitenvorsätze!D:D), 3, FALSE) -> 2400
L8: R2 = | M8: 3 | N8: k | O8: =Einheitenvorsätze!$B$61 -> Ω | P8: =VLOOKUP(N8, CHOOSE({1,2,3,4,5}, Einheitenvorsätze!A:A, Einheitenvorsätze!B:B, Einheitenvorsätze!C:C, Einheitenvorsätze!D:D, Einheitenvorsätze!E:E), 5, FALSE) -> 3 | Q8: =M8*VLOOKUP(N8, CHOOSE({1,2,3,4}, Einheitenvorsätze!A:A, Einheitenvorsätze!B:B, Einheitenvorsätze!C:C, Einheitenvorsätze!D:D), 3, FALSE) -> 3000 | R8: R22 = | S8: 7.2 | T8: k | U8: =Einheitenvorsätze!$B$61 -> Ω | V8: =VLOOKUP(T8, CHOOSE({1,2,3,4,5}, Einheitenvorsätze!A:A, Einheitenvorsätze!B:B, Einheitenvorsätze!C:C, Einheitenvorsätze!D:D, Einheitenvorsätze!E:E), 5, FALSE) -> 3 | W8: =S8*VLOOKUP(T8, CHOOSE({1,2,3,4}, Einheitenvorsätze!A:A, Einheitenvorsätze!B:B, Einheitenvorsätze!C:C, Einheitenvorsätze!D:D), 3, FALSE) -> 7200
H9: U2 = UL | L9: RL = | M9: 3 | N9: k | O9: =Einheitenvorsätze!$B$61 -> Ω | P9: =VLOOKUP(N9, CHOOSE({1,2,3,4,5}, Einheitenvorsätze!A:A, Einheitenvorsätze!B:B, Einheitenvorsätze!C:C, Einheitenvorsätze!D:D, Einheitenvorsätze!E:E), 5, FALSE) -> 3 | Q9: =M9*VLOOKUP(N9, CHOOSE({1,2,3,4}, Einheitenvorsätze!A:A, Einheitenvorsätze!B:B, Einheitenvorsätze!C:C, Einheitenvorsätze!D:D), 3, FALSE) -> 3000
H10: UIN = U1 + UL | L10: UIN = | M10: 12 | N10: – | O10: V | P10: =VLOOKUP(N10, CHOOSE({1,2,3,4,5}, Einheitenvorsätze!A:A, Einheitenvorsätze!B:B, Einheitenvorsätze!C:C, Einheitenvorsätze!D:D, Einheitenvorsätze!E:E), 5, FALSE) -> 0 | Q10: =M10*VLOOKUP(N10, CHOOSE({1,2,3,4}, Einheitenvorsätze!A:A, Einheitenvorsätze!B:B, Einheitenvorsätze!C:C, Einheitenvorsätze!D:D), 3, FALSE) -> 12
L11: R1 / R2 = | Q11: =Q7/Q8 -> 0.33333333 | R11: R11 / R22 = | W11: =W7/W8 -> 0.33333333
H12: ITotal = I2 + IL | L12: UL / UIN (Leerlauf) = | Q12: =1-Q7/(Q7+Q8) -> 0.75 | R12: UL / UIN (Leerlauf) = | W12: =1-W7/(W7+W8) -> 0.75
L13: UL (Leerlauf) = | Q13: =$M$10*Q12 -> 9 | R13: UL (Leerlauf) = | W13: =$M$10*W12 -> 9
K14: RTotal = | L14: R1 + (R2||RL)= | M14: =Q7 + (1/(1/Q8 + 1/Q9)) -> 2500 | N14: =Einheitenvorsätze!$B$61 -> Ω
K15: ITotal = | L15: UIN / RTotal = | M15: =Q10/M14 -> 0.0048 | N15: A
K16: U1 = | L16: R1 * ITotal = | M16: =Q7*M15 -> 4.8 | N16: V
K17: UL = U2 = | L17: UIN - U1 = | M17: =Q10-M16 -> 7.2 | N17: V
C26: Inc: | D26: 1 | E26: k | F26: =$D$26*VLOOKUP(E26, CHOOSE({1,2,3,4}, Einheitenvorsätze!A:A, Einheitenvorsätze!B:B, Einheitenvorsätze!C:C, Einheitenvorsätze!D:D), 3, FALSE) -> 1000
C27: RL = | D27: 0 | E27: =D27+$F$26 -> 1000 | F27: =E27+$F$26 -> 2000 | G27: =F27+$F$26 -> 3000 | H27: =G27+$F$26 -> 4000 | I27: =H27+$F$26 -> 5000 | J27: =I27+$F$26 -> 6000 | K27: =J27+$F$26 -> 7000 | L27: =K27+$F$26 -> 8000 | ... AM27: =AL27+$F$26 -> 35000
B28: RTotal = | C28: R1 + (R2||RL)= | D28: =IF(D27=0,$Q$7,$Q$7 + (1/(1/$Q$8 + 1/D27))) -> 1000 | E28: =$Q$7 + (1/(1/$Q$8 + 1/E27)) -> 1750 | F28: =$Q$7 + (1/(1/$Q$8 + 1/F27)) -> 2200 | G28: =$Q$7 + (1/(1/$Q$8 + 1/G27)) -> 2500 | H28: =$Q$7 + (1/(1/$Q$8 + 1/H27)) -> 2714.2857 | I28: =$Q$7 + (1/(1/$Q$8 + 1/I27)) -> 2875 | J28: =$Q$7 + (1/(1/$Q$8 + 1/J27)) -> 3000 | K28: =$Q$7 + (1/(1/$Q$8 + 1/K27)) -> 3100 | L28: =$Q$7 + (1/(1/$Q$8 + 1/L27)) -> 3181.8182 | ... AM28: =$Q$7 + (1/(1/$Q$8 + 1/AM27)) -> 3763.1579
B29: ITotal = | C29: UIN / RTotal = | D29: =$Q$10/D28 -> 0.012 | E29: =$Q$10/E28 -> 0.0068571429 | F29: =$Q$10/F28 -> 0.0054545455 | G29: =$Q$10/G28 -> 0.0048 | H29: =$Q$10/H28 -> 0.0044210526 | I29: =$Q$10/I28 -> 0.004173913 | J29: =$Q$10/J28 -> 0.004 | K29: =$Q$10/K28 -> 0.0038709677 | ... AM29: =$Q$10/AM28 -> 0.0031888112
B30: U1 = | C30: R1 * ITotal = | D30: =$Q$7*D29 -> 12 | E30: =$Q$7*E29 -> 6.8571429 | F30: =$Q$7*F29 -> 5.4545455 | G30: =$Q$7*G29 -> 4.8 | H30: =$Q$7*H29 -> 4.4210526 | I30: =$Q$7*I29 -> 4.173913 | J30: =$Q$7*J29 -> 4 | K30: =$Q$7*K29 -> 3.8709677 | ... AM30: =$Q$7*AM29 -> 3.1888112
B31: UL = U2 = | C31: UIN - U1 = | D31: =$Q$10-D30 -> 0 | E31: =$Q$10-E30 -> 5.1428571 | F31: =$Q$10-F30 -> 6.5454545 | G31: =$Q$10-G30 -> 7.2 | H31: =$Q$10-H30 -> 7.5789474 | I31: =$Q$10-I30 -> 7.826087 | J31: =$Q$10-J30 -> 8 | K31: =$Q$10-K30 -> 8.1290323 | ... AM31: =$Q$10-AM30 -> 8.8111888
B32: RTotal = | C32: R11 + (R22||RL)= | D32: =IF(D27=0,$W$7,$W$7 + (1/(1/$W$8 + 1/D27))) -> 2400 | E32: =$W$7 + (1/(1/$W$8 + 1/E27)) -> 3278.0488 | F32: =$W$7 + (1/(1/$W$8 + 1/F27)) -> 3965.2174 | G32: =$W$7 + (1/(1/$W$8 + 1/G27)) -> 4517.6471 | H32: =$W$7 + (1/(1/$W$8 + 1/H27)) -> 4971.4286 | I32: =$W$7 + (1/(1/$W$8 + 1/I27)) -> 5350.8197 | J32: =$W$7 + (1/(1/$W$8 + 1/J27)) -> 5672.7273 | K32: =$W$7 + (1/(1/$W$8 + 1/K27)) -> 5949.2958 | L32: =$W$7 + (1/(1/$W$8 + 1/L27)) -> 6189.4737 | ... AM32: =$W$7 + (1/(1/$W$8 + 1/AM27)) -> 8371.564
B33: ITotal = | C33: UIN / RTotal = | D33: =$Q$10/D32 -> 0.005 | E33: =$Q$10/E32 -> 0.0036607143 | F33: =$Q$10/F32 -> 0.0030263158 | G33: =$Q$10/G32 -> 0.00265625 | H33: =$Q$10/H32 -> 0.0024137931 | I33: =$Q$10/I32 -> 0.0022426471 | J33: =$Q$10/J32 -> 0.0021153846 | K33: =$Q$10/K32 -> 0.0020170455 | ... AM33: =$Q$10/AM32 -> 0.0014334239
B34: U1 = | C34: R11 * ITotal = | D34: =$W$7*D33 -> 12 | E34: =$W$7*E33 -> 8.7857143 | F34: =$W$7*F33 -> 7.2631579 | G34: =$W$7*G33 -> 6.375 | H34: =$W$7*H33 -> 5.7931034 | I34: =$W$7*I33 -> 5.3823529 | J34: =$W$7*J33 -> 5.0769231 | K34: =$W$7*K33 -> 4.8409091 | ... AM34: =$W$7*AM33 -> 3.4402174
B35: UL = U2 = | C35: UIN - U1 = | D35: =$Q$10-D34 -> 0 | E35: =$Q$10-E34 -> 3.2142857 | F35: =$Q$10-F34 -> 4.7368421 | G35: =$Q$10-G34 -> 5.625 | H35: =$Q$10-H34 -> 6.2068966 | I35: =$Q$10-I34 -> 6.6176471 | J35: =$Q$10-J34 -> 6.9230769 | K35: =$Q$10-K34 -> 7.1590909 | ... AM35: =$Q$10-AM34 -> 8.5597826
B41: =_xlfn.CONCAT("UL = f(RL) R1/R2 =",Q11) -> UL = f(RL) R1/R2 =0.333333333333333
B42: =_xlfn.CONCAT("UL = f(RL) R11/R22 =",W11) -> UL = f(RL) R11/R22 =0.333333333333333

Sheet Magnetismus
C2: Magnetismus

Sheet Einheitenvorsätze
C2: Einheiten-Vorsätze
A6: Symbol | B6: Vorsatz | C6: Faktor | D6: Zehnerpotenz | E6: Vielfaches
A7: Q | B7: Quetta | C7: 1e+30 | D7: 10³⁰ | E7: 30
A8: R | B8: Ronna | C8: 1e+27 | D8: 10²⁷ | E8: 27
A9: Y | B9: Yotta | C9: 1e+24 | D9: 10²⁴ | E9: 24
A10: Z | B10: Zetta | C10: 1e+21 | D10: 10²¹ | E10: 21
A11: E | B11: Exa | C11: 1e+18 | D11: 10¹⁸ | E11: 18 | H11: Test | L11: zum rechnen | O11: zum darstellen
A12: P | B12: Peta | C12: 1e+15 | D12: 10¹⁵ | E12: 15 | H12: 5.23 | I12: k | J12: s | L12: =H12*VLOOKUP(I12, CHOOSE({1,2,3,4}, Einheitenvorsätze!A:A, Einheitenvorsätze!B:B, Einheitenvorsätze!C:C, Einheitenvorsätze!D:D), 3, FALSE) -> 5230 | M12: =J12 -> s | O12: =IF(I12=Einheitenvorsätze!$A$19,_xlfn.CONCAT(H12,J12),_xlfn.CONCAT(H12," * ",VLOOKUP(I12, CHOOSE({1,2,3,4}, Einheitenvorsätze!A:A, Einheitenvorsätze!B:B, Einheitenvorsätze!C:C, Einheitenvorsätze!D:D), 4, FALSE),J12)) -> 5.23 * 10³s
A13: T | B13: Tera | C13: 1000000000000 | D13: 10¹² | E13: 12
A14: G | B14: Giga | C14: 1000000000 | D14: 10⁹ | E14: 9
A15: Me | B15: Mega | C15: 1000000 | D15: 10⁶ | E15: 6
A16: k | B16: Kilo | C16: 1000 | D16: 10³ | E16: 3 | H16: Vorsatz | I16: =VLOOKUP(I12, CHOOSE({1,2,3,4}, Einheitenvorsätze!A:A, Einheitenvorsätze!B:B, Einheitenvorsätze!C:C, Einheitenvorsätze!D:D), 2, FALSE) -> Kilo
A17: h | B17: Hekto | C17: 100 | D17: 10² | E17: 2 | H17: Faktor | I17: =VLOOKUP(I12, CHOOSE({1,2,3,4}, Einheitenvorsätze!A:A, Einheitenvorsätze!B:B, Einheitenvorsätze!C:C, Einheitenvorsätze!D:D), 3, FALSE) -> 1000
A18: da | B18: Deka | C18: 10 | D18: 10¹ | E18: 1 | H18: Zehnerpotenz | I18: =VLOOKUP(I12, CHOOSE({1,2,3,4}, Einheitenvorsätze!A:A, Einheitenvorsätze!B:B, Einheitenvorsätze!C:C, Einheitenvorsätze!D:D), 4, FALSE) -> 10³
A19: – | B19: (Basiseinheit) | C19: 1 | D19: 10⁰ | E19: 0 | H19: =E6 -> Vielfaches | I19: =VLOOKUP(I12, CHOOSE({1,2,3,4,5}, Einheitenvorsätze!A:A, Einheitenvorsätze!B:B, Einheitenvorsätze!C:C, Einheitenvorsätze!D:D, Einheitenvorsätze!E:E), 5, FALSE) -> 3
A20: d | B20: Dezi | C20: 0.1 | D20: 10⁻¹ | E20: -1
A21: c | B21: Zenti | C21: 0.01 | D21: 10⁻² | E21: -2
A22: m | B22: Milli | C22: 0.001 | D22: 10⁻³ | E22: -3
A23: µ | B23: Mikro | C23: 1e-06 | D23: 10⁻⁶ | E23: -6
A24: n | B24: Nano | C24: 1e-09 | D24: 10⁻⁹ | E24: -9
A25: p | B25: Piko | C25: 1e-12 | D25: 10⁻¹² | E25: -12
A26: f | B26: Femto | C26: 1e-15 | D26: 10⁻¹⁵ | E26: -15
A27: a | B27: Atto | C27: 1e-18 | D27: 10⁻¹⁸ | E27: -18
A28: z | B28: Zepto | C28: 1e-21 | D28: 10⁻²¹ | E28: -21
A29: y | B29: Yocto | C29: 1e-24 | D29: 10⁻²⁴ | E29: -24
A30: r | B30: Ronto | C30: 1e-30 | D30: 10⁻²⁷ | E30: -27
A31: q | B31: Quekto | C31: 1e-27 | D31: 10⁻³⁰ | E31: -30
A36: Griechische Buchstaben
A37: Name | B37: Groß | C37: Klein
A38: Alpha | B38: Α | C38: α
A39: Beta | B39: Β | C39: β
A40: Gamma | B40: Γ | C40: γ
A41: Delta | B41: Δ | C41: δ
A42: Epsilon | B42: Ε | C42: ε
A43: Zeta | B43: Ζ | C43: ζ
A44: Eta | B44: Η | C44: η
A45: Theta | B45: Θ | C45: θ
A46: Iota | B46: Ι | C46: ι
A47: Kappa | B47: Κ | C47: κ
A48: Lambda | B48: Λ | C48: λ
... A61: Omega | B61: Ω | C61: ω

Sheet Edizio_Bestellungen
C8: S3 + S3 T13
C11: Bestellung
C17: 3 | E17: 3 | G17: 3 | I17: 20 | K17: 1 | M17: 1 | O17: 1 | Q17: 1 | T17: 1
C23: 1 | E23: 3 | G23: 1 | I23: 1 | K23: 1 | M23: 2 * AP | Q23: 3

Sheet Elektronische Schaltzeichen
C2: Elektronische Schaltzeichen

Sheet LCR-Glieder an Wechselspannung
C2: RCL-Glieder (Serieschaltung) an Wechselspannung | R2: Ja | T2: Linear | AA2: Lösung: | AB2: Ja
R3: Nein | T3: Logarithmisch
AB19: Gegeben: | AD19: Gesucht:
C20: R = | D20: 1.5 | E20: k | F20: =Einheitenvorsätze!B61 -> Ω | G20: =VLOOKUP(E20, CHOOSE({1,2,3,4,5}, Einheitenvorsätze!A:A, Einheitenvorsätze!B:B, Einheitenvorsätze!C:C, Einheitenvorsätze!D:D, Einheitenvorsätze!E:E), 5, FALSE) -> 3 | H20: =D20*VLOOKUP(E20, CHOOSE({1,2,3,4}, Einheitenvorsätze!A:A, Einheitenvorsätze!B:B, Einheitenvorsätze!C:C, Einheitenvorsätze!D:D), 3, FALSE) -> 1500 | I20: =C20 -> R = | J20: =IF(E20=Einheitenvorsätze!$A$19,_xlfn.CONCAT(D20,F20),_xlfn.CONCAT(D20," * ",VLOOKUP(E20, CHOOSE({1,2,3,4}, Einheitenvorsätze!A:A, Einheitenvorsätze!B:B, Einheitenvorsätze!C:C, Einheitenvorsätze!D:D), 4, FALSE),F20)) -> 1.5 * 10³Ω | K20: =IF(E20=Einheitenvorsätze!$A$19,_xlfn.CONCAT(D20,F20),_xlfn.CONCAT(D20,E20,F20)) -> 1.5kΩ | L20: =_xlfn.CONCAT(I20,K20) -> R = 1.5kΩ | M20: =_xlfn.CONCAT(I20,J20) -> R = 1.5 * 10³Ω | AB20: =$L$20 -> R = 1.5kΩ | AD20: =IF($AB$2=$R$2,$L$25,_xlfn.CONCAT($C$25,"?")) -> ω = 6283.1853(1/s) | AF20: =$H$20 -> 1500 | AG20: R: | AH20: 0 | AI20: =IF($AB$2=$R$2,AF20,0) -> 1500 | AK20: 0 | AL20: 0
C21: C = | D21: 0.1 | E21: µ | F21: F | G21: =VLOOKUP(E21, CHOOSE({1,2,3,4,5}, Einheitenvorsätze!A:A, Einheitenvorsätze!B:B, Einheitenvorsätze!C:C, Einheitenvorsätze!D:D, Einheitenvorsätze!E:E), 5, FALSE) -> -6 | H21: =D21*VLOOKUP(E21, CHOOSE({1,2,3,4}, Einheitenvorsätze!A:A, Einheitenvorsätze!B:B, Einheitenvorsätze!C:C, Einheitenvorsätze!D:D), 3, FALSE) -> 1e-07 | I21: =C21 -> C = | J21: =IF(E21=Einheitenvorsätze!$A$19,_xlfn.CONCAT(D21,F21),_xlfn.CONCAT(D21," * ",VLOOKUP(E21, CHOOSE({1,2,3,4}, Einheitenvorsätze!A:A, Einheitenvorsätze!B:B, Einheitenvorsätze!C:C, Einheitenvorsätze!D:D), 4, FALSE),F21)) -> 0.1 * 10⁻⁶F | K21: =IF(E21=Einheitenvorsätze!$A$19,_xlfn.CONCAT(D21,F21),_xlfn.CONCAT(D21,E21,F21)) -> 0.1µF | L21: =_xlfn.CONCAT(I21,K21) -> C = 0.1µF | M21: =_xlfn.CONCAT(I21,J21) -> C = 0.1 * 10⁻⁶F | AB21: =$L$21 -> C = 0.1µF | AD21: =IF($AB$2=$R$2,$L$28,_xlfn.CONCAT($C$28,"?")) -> Blindwiderstand XC = 1.59kΩ | AF21: =$H$28 -> 1590 | AG21: XC: | AH21: 0 | AI21: 0 | AK21: 0 | AL21: =IF($AB$2=$R$2,-AF21,0) -> -1590
C22: L = | D22: 80 | E22: m | F22: H | G22: =VLOOKUP(E22, CHOOSE({1,2,3,4,5}, Einheitenvorsätze!A:A, Einheitenvorsätze!B:B, Einheitenvorsätze!C:C, Einheitenvorsätze!D:D, Einheitenvorsätze!E:E), 5, FALSE) -> -3 | H22: =D22*VLOOKUP(E22, CHOOSE({1,2,3,4}, Einheitenvorsätze!A:A, Einheitenvorsätze!B:B, Einheitenvorsätze!C:C, Einheitenvorsätze!D:D), 3, FALSE) -> 0.08 | I22: =C22 -> L = | J22: =IF(E22=Einheitenvorsätze!$A$19,_xlfn.CONCAT(D22,F22),_xlfn.CONCAT(D22," * ",VLOOKUP(E22, CHOOSE({1,2,3,4}, Einheitenvorsätze!A:A, Einheitenvorsätze!B:B, Einheitenvorsätze!C:C, Einheitenvorsätze!D:D), 4, FALSE),F22)) -> 80 * 10⁻³H | K22: =IF(E22=Einheitenvorsätze!$A$19,_xlfn.CONCAT(D22,F22),_xlfn.CONCAT(D22,E22,F22)) -> 80mH | L22: =_xlfn.CONCAT(I22,K22) -> L = 80mH | M22: =_xlfn.CONCAT(I22,J22) -> L = 80 * 10⁻³H | AB22: =$L$23 -> f =1kHZ | AD22: =IF($AB$2=$R$2,$L$32,_xlfn.CONCAT($C$32,"?")) -> Scheinwiderstand ZRC = 2.19kΩ | AF22: =ABS(MAX(AF20:AF21))*1.1 -> 1749 | AG22: MAX: | AH22: =-AF22 -> -1749 | AI22: =AF22 -> 1749 | AK22: 0 | AL22: 0
C23: f = | D23: 1 | E23: k | F23: HZ | G23: =VLOOKUP(E23, CHOOSE({1,2,3,4,5}, Einheitenvorsätze!A:A, Einheitenvorsätze!B:B, Einheitenvorsätze!C:C, Einheitenvorsätze!D:D, Einheitenvorsätze!E:E), 5, FALSE) -> 3 | H23: =D23*VLOOKUP(E23, CHOOSE({1,2,3,4}, Einheitenvorsätze!A:A, Einheitenvorsätze!B:B, Einheitenvorsätze!C:C, Einheitenvorsätze!D:D), 3, FALSE) -> 1000 | I23: =C23 -> f = | J23: =IF(E23=Einheitenvorsätze!$A$19,_xlfn.CONCAT(D23,F23),_xlfn.CONCAT(D23," * ",VLOOKUP(E23, CHOOSE({1,2,3,4}, Einheitenvorsätze!A:A, Einheitenvorsätze!B:B, Einheitenvorsätze!C:C, Einheitenvorsätze!D:D), 4, FALSE),F23)) -> 1 * 10³HZ | K23: =IF(E23=Einheitenvorsätze!$A$19,_xlfn.CONCAT(D23,F23),_xlfn.CONCAT(D23,E23,F23)) -> 1kHZ | L23: =_xlfn.CONCAT(I23,K23) -> f =1kHZ | M23: =_xlfn.CONCAT(I23,J23) -> f =1 * 10³HZ | AD23: =IF($AB$2=$R$2,$T$32,_xlfn.CONCAT($O$32,"?")) -> φ = -46.7° | AH23: 0 | AI23: 0 | AK23: =AH22 -> -1749 | AL23: =AI22 -> 1749
AD24: =IF($AB$2=$R$2,$X$32,_xlfn.CONCAT($V$32,"?")) -> cos(φ) = 0.7 | AH24: 0 | AI24: =AI20 -> 1500 | AK24: 0 | AL24: =AL21 -> -1590
C25: ω = | D25: =ROUND((2*PI()*H23 / 10^G25),4) -> 6283.1853 | E25: – | F25: (1/s) | G25: =VLOOKUP(E25, CHOOSE({1,2,3,4,5}, Einheitenvorsätze!A:A, Einheitenvorsätze!B:B, Einheitenvorsätze!C:C, Einheitenvorsätze!D:D, Einheitenvorsätze!E:E), 5, FALSE) -> 0 | H25: =D25*VLOOKUP(E25, CHOOSE({1,2,3,4}, Einheitenvorsätze!A:A, Einheitenvorsätze!B:B, Einheitenvorsätze!C:C, Einheitenvorsätze!D:D), 3, FALSE) -> 6283.1853 | I25: =C25 -> ω = | J25: =IF(E25=Einheitenvorsätze!$A$19,_xlfn.CONCAT(D25,F25),_xlfn.CONCAT(D25," * ",VLOOKUP(E25, CHOOSE({1,2,3,4}, Einheitenvorsätze!A:A, Einheitenvorsätze!B:B, Einheitenvorsätze!C:C, Einheitenvorsätze!D:D), 4, FALSE),F25)) -> 6283.1853(1/s) | K25: =IF(E25=Einheitenvorsätze!$A$19,_xlfn.CONCAT(D25,F25),_xlfn.CONCAT(D25,E25,F25)) -> 6283.1853(1/s) | L25: =_xlfn.CONCAT(I25,K25) -> ω = 6283.1853(1/s) | M25: =_xlfn.CONCAT(I25,J25) -> ω = 6283.1853(1/s)
C28: Blindwiderstand XC = | D28: =ROUND((1/((D25*D21)*10^(G25+G21)))/10^G28,2) -> 1.59 | E28: k | F28: =F20 -> Ω | G28: =VLOOKUP(E28, CHOOSE({1,2,3,4,5}, Einheitenvorsätze!A:A, Einheitenvorsätze!B:B, Einheitenvorsätze!C:C, Einheitenvorsätze!D:D, Einheitenvorsätze!E:E), 5, FALSE) -> 3 | H28: =D28*VLOOKUP(E28, CHOOSE({1,2,3,4}, Einheitenvorsätze!A:A, Einheitenvorsätze!B:B, Einheitenvorsätze!C:C, Einheitenvorsätze!D:D), 3, FALSE) -> 1590 | I28: =C28 -> Blindwiderstand XC = | J28: =IF(E28=Einheitenvorsätze!$A$19,_xlfn.CONCAT(D28,F28),_xlfn.CONCAT(D28," * ",VLOOKUP(E28, CHOOSE({1,2,3,4}, Einheitenvorsätze!A:A, Einheitenvorsätze!B:B, Einheitenvorsätze!C:C, Einheitenvorsätze!D:D), 4, FALSE),F28)) -> 1.59 * 10³Ω | K28: =IF(E28=Einheitenvorsätze!$A$19,_xlfn.CONCAT(D28,F28),_xlfn.CONCAT(D28,E28,F28)) -> 1.59kΩ | L28: =_xlfn.CONCAT(I28,K28) -> Blindwiderstand XC = 1.59kΩ | M28: =_xlfn.CONCAT(I28,J28) -> Blindwiderstand XC = 1.59 * 10³Ω
C29: Blindwiderstand XL = | D29: =ROUND((((D25*D22)*10^(G25+G22))/10^G29),4) -> 502.6548 | E29: – | F29: =F20 -> Ω | G29: =VLOOKUP(E29, CHOOSE({1,2,3,4,5}, Einheitenvorsätze!A:A, Einheitenvorsätze!B:B, Einheitenvorsätze!C:C, Einheitenvorsätze!D:D, Einheitenvorsätze!E:E), 5, FALSE) -> 0 | H29: =D29*VLOOKUP(E29, CHOOSE({1,2,3,4}, Einheitenvorsätze!A:A, Einheitenvorsätze!B:B, Einheitenvorsätze!C:C, Einheitenvorsätze!D:D), 3, FALSE) -> 502.6548 | I29: =C29 -> Blindwiderstand XL = | J29: =IF(E29=Einheitenvorsätze!$A$19,_xlfn.CONCAT(D29,F29),_xlfn.CONCAT(D29," * ",VLOOKUP(E29, CHOOSE({1,2,3,4}, Einheitenvorsätze!A:A, Einheitenvorsätze!B:B, Einheitenvorsätze!C:C, Einheitenvorsätze!D:D), 4, FALSE),F29)) -> 502.6548Ω | K29: =IF(E29=Einheitenvorsätze!$A$19,_xlfn.CONCAT(D29,F29),_xlfn.CONCAT(D29,E29,F29)) -> 502.6548Ω | L29: =_xlfn.CONCAT(I29,K29) -> Blindwiderstand XL = 502.6548Ω | M29: =_xlfn.CONCAT(I29,J29) -> Blindwiderstand XL = 502.6548Ω
C31: Serieschaltung:
C32: Scheinwiderstand ZRC = | D32: =ROUND(SQRT(H20^2 + H28^2) / 10^G32,2) -> 2.19 | E32: k | F32: =F29 -> Ω | G32: =VLOOKUP(E32, CHOOSE({1,2,3,4,5}, Einheitenvorsätze!A:A, Einheitenvorsätze!B:B, Einheitenvorsätze!C:C, Einheitenvorsätze!D:D, Einheitenvorsätze!E:E), 5, FALSE) -> 3 | H32: =D32*VLOOKUP(E32, CHOOSE({1,2,3,4}, Einheitenvorsätze!A:A, Einheitenvorsätze!B:B, Einheitenvorsätze!C:C, Einheitenvorsätze!D:D), 3, FALSE) -> 2190 | I32: =C32 -> Scheinwiderstand ZRC = | J32: =IF(E32=Einheitenvorsätze!$A$19,_xlfn.CONCAT(D32,F32),_xlfn.CONCAT(D32," * ",VLOOKUP(E32, CHOOSE({1,2,3,4}, Einheitenvorsätze!A:A, Einheitenvorsätze!B:B, Einheitenvorsätze!C:C, Einheitenvorsätze!D:D), 4, FALSE),F32)) -> 2.19 * 10³Ω | K32: =IF(E32=Einheitenvorsätze!$A$19,_xlfn.CONCAT(D32,F32),_xlfn.CONCAT(D32,E32,F32)) -> 2.19kΩ | L32: =_xlfn.CONCAT(I32,K32) -> Scheinwiderstand ZRC = 2.19kΩ | M32: =_xlfn.CONCAT(I32,J32) -> Scheinwiderstand ZRC = 2.19 * 10³Ω | O32: φ = | P32: =ATAN2(H20,-H28) -> -0.81451614 | Q32: rad | R32: =DEGREES(P32) -> -46.668337 | S32: ° | T32: =_xlfn.CONCAT(O32,ROUND(R32,1),S32) -> φ = -46.7° | V32: cos(φ) = | W32: =COS(RADIANS(R32)) -> 0.68622043 | X32: =_xlfn.CONCAT(V32,ROUND(W32,1)) -> cos(φ) = 0.7
C33: Scheinwiderstand ZRL = | D33: =ROUND(SQRT(H20^2 + H29^2)/10^G33,2) -> 1.58 | E33: k | F33: =F29 -> Ω | G33: =VLOOKUP(E33, CHOOSE({1,2,3,4,5}, Einheitenvorsätze!A:A, Einheitenvorsätze!B:B, Einheitenvorsätze!C:C, Einheitenvorsätze!D:D, Einheitenvorsätze!E:E), 5, FALSE) -> 3 | H33: =D33*VLOOKUP(E33, CHOOSE({1,2,3,4}, Einheitenvorsätze!A:A, Einheitenvorsätze!B:B, Einheitenvorsätze!C:C, Einheitenvorsätze!D:D), 3, FALSE) -> 1580 | I33: =C33 -> Scheinwiderstand ZRL = | J33: =IF(E33=Einheitenvorsätze!$A$19,_xlfn.CONCAT(D33,F33),_xlfn.CONCAT(D33," * ",VLOOKUP(E33, CHOOSE({1,2,3,4}, Einheitenvorsätze!A:A, Einheitenvorsätze!B:B, Einheitenvorsätze!C:C, Einheitenvorsätze!D:D), 4, FALSE),F33)) -> 1.58 * 10³Ω | K33: =IF(E33=Einheitenvorsätze!$A$19,_xlfn.CONCAT(D33,F33),_xlfn.CONCAT(D33,E33,F33)) -> 1.58kΩ | L33: =_xlfn.CONCAT(I33,K33) -> Scheinwiderstand ZRL = 1.58kΩ | M33: =_xlfn.CONCAT(I33,J33) -> Scheinwiderstand ZRL = 1.58 * 10³Ω | O33: φ = | P33: =ATAN2(H20,H29) -> 0.32334259 | Q33: rad | R33: =DEGREES(P33) -> 18.526166 | S33: ° | T33: =_xlfn.CONCAT(O33,ROUND(R33,1),S33) -> φ = 18.5° | V33: cos(φ) = | W33: =COS(RADIANS(R33)) -> 0.94817865 | X33: =_xlfn.CONCAT(V33,ROUND(W33,1)) -> cos(φ) = 0.9
B34: =IF(H28=H29,"ohmsch",IF(H28>H29,"kapazitiv","induktiv")) -> kapazitiv | C34: Scheinwiderstand ZRLC = | D34: =ROUND(SQRT(H20^2 + (H28-H29)^2)/10^G34,2) -> 1.85 | E34: k | F34: =F28 -> Ω | G34: =VLOOKUP(E34, CHOOSE({1,2,3,4,5}, Einheitenvorsätze!A:A, Einheitenvorsätze!B:B, Einheitenvorsätze!C:C, Einheitenvorsätze!D:D, Einheitenvorsätze!E:E), 5, FALSE) -> 3 | H34: =D34*VLOOKUP(E34, CHOOSE({1,2,3,4}, Einheitenvorsätze!A:A, Einheitenvorsätze!B:B, Einheitenvorsätze!C:C, Einheitenvorsätze!D:D), 3, FALSE) -> 1850 | I34: =C34 -> Scheinwiderstand ZRLC = | J34: =IF(E34=Einheitenvorsätze!$A$19,_xlfn.CONCAT(D34,F34),_xlfn.CONCAT(D34," * ",VLOOKUP(E34, CHOOSE({1,2,3,4}, Einheitenvorsätze!A:A, Einheitenvorsätze!B:B, Einheitenvorsätze!C:C, Einheitenvorsätze!D:D), 4, FALSE),F34)) -> 1.85 * 10³Ω | K34: =IF(E34=Einheitenvorsätze!$A$19,_xlfn.CONCAT(D34,F34),_xlfn.CONCAT(D34,E34,F34)) -> 1.85kΩ | L34: =_xlfn.CONCAT(I34,K34) -> Scheinwiderstand ZRLC = 1.85kΩ | M34: =_xlfn.CONCAT(I34,J34) -> Scheinwiderstand ZRLC = 1.85 * 10³Ω | O34: φ = | P34: =ATAN2(H20,H29-H28) -> -0.62724054 | Q34: rad | R34: =DEGREES(P34) -> -35.938236 | S34: ° | T34: =_xlfn.CONCAT(O34,ROUND(R34,1),S34) -> φ = -35.9° | V34: cos(φ) = | W34: =COS(RADIANS(R34)) -> 0.80965015 | X34: =_xlfn.CONCAT(V34,ROUND(W34,1)) -> cos(φ) = 0.8
AB37: Gegeben: | AD37: Gesucht:
C38: Kompensation: XC = XL | AB38: =$L$20 -> R = 1.5kΩ | AD38: =IF($AB$2=$R$2,$L$25,_xlfn.CONCAT($C$25,"?")) -> ω = 6283.1853(1/s) | AF38: =$H$20 -> 1500 | AG38: R: | AH38: 0 | AI38: =IF($AB$2=$R$2,AF38,0) -> 1500 | AK38: 0 | AL38: 0
C39: 1/2*π*f*C = 2*π*f*L | AB39: =$L$22 -> L = 80mH | AD39: =IF($AB$2=$R$2,$L$29,_xlfn.CONCAT($C$29,"?")) -> Blindwiderstand XL = 502.6548Ω | AF39: =$H$29 -> 502.6548 | AG39: XL: | AH39: 0 | AI39: 0 | AK39: 0 | AL39: =IF($AB$2=$R$2,AF39,0) -> 502.6548
AB40: =$L$23 -> f =1kHZ | AD40: =IF($AB$2=$R$2,$L$33,_xlfn.CONCAT($C$33,"?")) -> Scheinwiderstand ZRL = 1.58kΩ | AF40: =ABS(MAX(AF38:AF39))*1.1 -> 1650 | AG40: MAX: | AH40: =-AF40 -> -1650 | AI40: =AF40 -> 1650 | AK40: 0 | AL40: 0
C41: Logarithmisch | D41: 1.6 | AD41: =IF($AB$2=$R$2,$T$33,_xlfn.CONCAT($O$33,"?")) -> φ = 18.5° | AH41: 0 | AI41: 0 | AK41: =AH40 -> -1650 | AL41: =AI40 -> 1650
C42: Frequenz f [HZ] = | D42: 1 | E42: =IF($C$41=$T$2, D42+$D$41,D42*$D$41) -> 1.6 | F42: =IF($C$41=$T$2, E42+$D$41,E42*$D$41) -> 2.56 | G42: =IF($C$41=$T$2, F42+$D$41,F42*$D$41) -> 4.096 | H42: =IF($C$41=$T$2, G42+$D$41,G42*$D$41) -> 6.5536 | I42: =IF($C$41=$T$2, H42+$D$41,H42*$D$41) -> 10.48576 | J42: =IF($C$41=$T$2, I42+$D$41,I42*$D$41) -> 16.777216 | K42: =IF($C$41=$T$2, J42+$D$41,J42*$D$41) -> 26.843546 | L42: =IF($C$41=$T$2, K42+$D$41,K42*$D$41) -> 42.949673 | ... X42: =IF($C$41=$T$2, W42+$D$41,W42*$D$41) -> 12089.258 | AD42: =IF($AB$2=$R$2,$X$33,_xlfn.CONCAT($V$33,"?")) -> cos(φ) = 0.9 | AH42: 0 | AI42: =AI38 -> 1500 | AK42: 0 | AL42: =AL39 -> 502.6548
C43: Kreisfrequenz ω [s-1] = | D43: =2*PI()*D42 -> 6.2831853 | E43: =2*PI()*E42 -> 10.053096 | F43: =2*PI()*F42 -> 16.084954 | G43: =2*PI()*G42 -> 25.735927 | H43: =2*PI()*H42 -> 41.177483 | I43: =2*PI()*I42 -> 65.883973 | J43: =2*PI()*J42 -> 105.41436 | K43: =2*PI()*K42 -> 168.66297 | ... X43: =2*PI()*X42 -> 75959.049
C44: Blindwiderstand XC [Ω] = | D44: =1/(D43*$H$21) -> 1591549.4 | E44: =1/(E43*$H$21) -> 994718.39 | F44: =1/(F43*$H$21) -> 621699 | G44: =1/(G43*$H$21) -> 388561.87 | H44: =1/(H43*$H$21) -> 242851.17 | I44: =1/(I43*$H$21) -> 151781.98 | J44: =1/(J43*$H$21) -> 94863.738 | K44: =1/(K43*$H$21) -> 59289.837 | ... X44: =1/(X43*$H$21) -> 131.64988
C45: Blindwiderstand XL [Ω] = | D45: =D43*$H$22 -> 0.50265482 | E45: =E43*$H$22 -> 0.80424772 | F45: =F43*$H$22 -> 1.2867964 | G45: =G43*$H$22 -> 2.0588742 | H45: =H43*$H$22 -> 3.2941987 | I45: =I43*$H$22 -> 5.2707179 | J45: =J43*$H$22 -> 8.4331486 | K45: =K43*$H$22 -> 13.493038 | ... X45: =X43*$H$22 -> 6076.724
C46: Scheinwiderstand ZRC [Ω] = | D46: =$H$20+D44 -> 1593049.4 | E46: =$H$20+E44 -> 996218.39 | F46: =$H$20+F44 -> 623199 | G46: =$H$20+G44 -> 390061.87 | H46: =$H$20+H44 -> 244351.17 | I46: =$H$20+I44 -> 153281.98 | J46: =$H$20+J44 -> 96363.738 | K46: =$H$20+K44 -> 60789.837 | ... X46: =$H$20+X44 -> 1631.6499
C47: Scheinwiderstand ZRL [Ω] = | D47: =$H$20+D45 -> 1500.5027 | E47: =$H$20+E45 -> 1500.8042 | F47: =$H$20+F45 -> 1501.2868 | G47: =$H$20+G45 -> 1502.0589 | H47: =$H$20+H45 -> 1503.2942 | I47: =$H$20+I45 -> 1505.2707 | J47: =$H$20+J45 -> 1508.4331 | K47: =$H$20+K45 -> 1513.493 | ... X47: =$H$20+X45 -> 7576.724
C48: Tiefpass mit C: Uout / Uin (Frequenzgang) | D48: =D44/D46 -> 0.99905841 | E48: =E44/E46 -> 0.99849431 | F48: =F44/F46 -> 0.99759306 | G48: =G44/G46 -> 0.99615446 | H48: =H44/H46 -> 0.99386129 | I48: =I44/I46 -> 0.99021411 | J48: =J44/J46 -> 0.98443398 | K48: =K44/K46 -> 0.97532482 | ... X48: =X44/X46 -> 0.08068513
C49: Hochpass mit L: Uout / Uin (Frequenzgang) | D49: =D45/D47 -> 0.00033499096 | E49: =E45/E47 -> 0.00053587783 | F49: =F45/F47 -> 0.00085712893 | G49: =G45/G47 -> 0.0013707014 | H49: =H45/H47 -> 0.00219132 | I49: =I45/I47 -> 0.0035015083 | J49: =J45/J47 -> 0.0055906678 | K49: =K45/K47 -> 0.0089151634 | ... X49: =X45/X47 -> 0.80202525
C50: Grenzfrequenz
AP52: 1
AF58: =$H$20 -> 1500 | AG58: R: | AH58: 0 | AI58: =IF($AB$2=$R$2,AF58,0) -> 1500 | AK58: 0 | AL58: 0
AB59: Gegeben: | AD59: Gesucht: | AF59: =$H$28 -> 1590 | AG59: XC: | AH59: 0 | AI59: 0 | AK59: 0 | AL59: =IF($AB$2=$R$2,-AF59,0) -> -1590
AB60: =$L$20 -> R = 1.5kΩ | AD60: =IF($AB$2=$R$2,$L$25,_xlfn.CONCAT($C$25,"?")) -> ω = 6283.1853(1/s) | AF60: =$H$29 -> 502.6548 | AG60: XL: | AH60: 0 | AI60: 0 | AK60: 0 | AL60: =IF($AB$2=$R$2,AF60,0) -> 502.6548
AB61: =$L$22 -> L = 80mH | AD61: =IF($AB$2=$R$2,$L$29,_xlfn.CONCAT($C$29,"?")) -> Blindwiderstand XL = 502.6548Ω | AG61: XLC: | AH61: 0 | AI61: 0 | AK61: 0 | AL61: =AL59+AL60 -> -1087.3452
AB62: =$L$21 -> C = 0.1µF | AD62: =IF($AB$2=$R$2,$L$28,_xlfn.CONCAT($C$28,"?")) -> Blindwiderstand XC = 1.59kΩ
AB63: =$L$23 -> f =1kHZ | AD63: =IF($AB$2=$R$2,$L$34,_xlfn.CONCAT($C$33,"?")) -> Scheinwiderstand ZRLC = 1.85kΩ
AD64: =IF($AB$2=$R$2,$T$34,_xlfn.CONCAT($O$34,"?")) -> φ = -35.9° | AG64: ZRLC: | AH64: 0 | AI64: =AI58 -> 1500 | AK64: 0 | AL64: =AL61 -> -1087.3452
AD65: =IF($AB$2=$R$2,$X$34,_xlfn.CONCAT($V$34,"?")) -> cos(φ) = 0.8 | AF65: =ABS(MAX(AF58:AF60))*1.1 -> 1749 | AG65: MAX: | AH65: =-AF65 -> -1749 | AI65: =AF65 -> 1749 | AK65: 0 | AL65: 0
AD66: =IF($AB$2=$R$2,_xlfn.CONCAT("Die Schaltung ist ",$B$34),"Ist die Schaltung induktiv oder kapazitiv?") -> Die Schaltung ist kapazitiv | AH66: 0 | AI66: 0 | AK66: =AH65 -> -1749 | AL66: =AI65 -> 1749
AH67: 0 | AI67: =AI59 -> 0 | AK67: 0 | AL67: =AL60 -> 502.6548

Sheet Kondensator an Gleichspannung
C2: Kondensator an Gleichspannung | R2: Ja
R3: Nein
H4: Lösung: | I4: Ja
C6: U0 = | D6: 55 | E6: – | F6: V | G6: =VLOOKUP(E6, CHOOSE({1,2,3,4,5}, Einheitenvorsätze!A:A, Einheitenvorsätze!B:B, Einheitenvorsätze!C:C, Einheitenvorsätze!D:D, Einheitenvorsätze!E:E), 5, FALSE) -> 0 | H6: =D6*VLOOKUP(E6, CHOOSE({1,2,3,4}, Einheitenvorsätze!A:A, Einheitenvorsätze!B:B, Einheitenvorsätze!C:C, Einheitenvorsätze!D:D), 3, FALSE) -> 55 | I6: =C6 -> U0 = | J6: =IF(E6=Einheitenvorsätze!$A$19,_xlfn.CONCAT(D6,F6),_xlfn.CONCAT(D6," * ",VLOOKUP(E6, CHOOSE({1,2,3,4}, Einheitenvorsätze!A:A, Einheitenvorsätze!B:B, Einheitenvorsätze!C:C, Einheitenvorsätze!D:D), 4, FALSE),F6)) -> 55V | K6: =IF(E6=Einheitenvorsätze!$A$19,_xlfn.CONCAT(D6,F6),_xlfn.CONCAT(D6,E6,F6)) -> 55V | L6: =_xlfn.CONCAT(I6,K6) -> U0 = 55V | M6: =_xlfn.CONCAT(I6,J6) -> U0 = 55V
C7: R = | D7: 1500 | E7: k | F7: =Einheitenvorsätze!B61 -> Ω | G7: =VLOOKUP(E7, CHOOSE({1,2,3,4,5}, Einheitenvorsätze!A:A, Einheitenvorsätze!B:B, Einheitenvorsätze!C:C, Einheitenvorsätze!D:D, Einheitenvorsätze!E:E), 5, FALSE) -> 3 | H7: =D7*VLOOKUP(E7, CHOOSE({1,2,3,4}, Einheitenvorsätze!A:A, Einheitenvorsätze!B:B, Einheitenvorsätze!C:C, Einheitenvorsätze!D:D), 3, FALSE) -> 1500000 | I7: =C7 -> R = | J7: =IF(E7=Einheitenvorsätze!$A$19,_xlfn.CONCAT(D7,F7),_xlfn.CONCAT(D7," * ",VLOOKUP(E7, CHOOSE({1,2,3,4}, Einheitenvorsätze!A:A, Einheitenvorsätze!B:B, Einheitenvorsätze!C:C, Einheitenvorsätze!D:D), 4, FALSE),F7)) -> 1500 * 10³Ω | K7: =IF(E7=Einheitenvorsätze!$A$19,_xlfn.CONCAT(D7,F7),_xlfn.CONCAT(D7,E7,F7)) -> 1500kΩ | L7: =_xlfn.CONCAT(I7,K7) -> R = 1500kΩ | M7: =_xlfn.CONCAT(I7,J7) -> R = 1500 * 10³Ω
C8: C = | D8: 12 | E8: n | F8: F | G8: =VLOOKUP(E8, CHOOSE({1,2,3,4,5}, Einheitenvorsätze!A:A, Einheitenvorsätze!B:B, Einheitenvorsätze!C:C, Einheitenvorsätze!D:D, Einheitenvorsätze!E:E), 5, FALSE) -> -9 | H8: =D8*VLOOKUP(E8, CHOOSE({1,2,3,4}, Einheitenvorsätze!A:A, Einheitenvorsätze!B:B, Einheitenvorsätze!C:C, Einheitenvorsätze!D:D), 3, FALSE) -> 1.2e-08 | I8: =C8 -> C = | J8: =IF(E8=Einheitenvorsätze!$A$19,_xlfn.CONCAT(D8,F8),_xlfn.CONCAT(D8," * ",VLOOKUP(E8, CHOOSE({1,2,3,4}, Einheitenvorsätze!A:A, Einheitenvorsätze!B:B, Einheitenvorsätze!C:C, Einheitenvorsätze!D:D), 4, FALSE),F8)) -> 12 * 10⁻⁹F | K8: =IF(E8=Einheitenvorsätze!$A$19,_xlfn.CONCAT(D8,F8),_xlfn.CONCAT(D8,E8,F8)) -> 12nF | L8: =_xlfn.CONCAT(I8,K8) -> C = 12nF | M8: =_xlfn.CONCAT(I8,J8) -> C = 12 * 10⁻⁹F
C9: t = | D9: 12 | E9: m | F9: s | G9: =VLOOKUP(E9, CHOOSE({1,2,3,4,5}, Einheitenvorsätze!A:A, Einheitenvorsätze!B:B, Einheitenvorsätze!C:C, Einheitenvorsätze!D:D, Einheitenvorsätze!E:E), 5, FALSE) -> -3 | H9: =D9*VLOOKUP(E9, CHOOSE({1,2,3,4}, Einheitenvorsätze!A:A, Einheitenvorsätze!B:B, Einheitenvorsätze!C:C, Einheitenvorsätze!D:D), 3, FALSE) -> 0.012 | I9: =C9 -> t = | J9: =IF(E9=Einheitenvorsätze!$A$19,_xlfn.CONCAT(D9,F9),_xlfn.CONCAT(D9," * ",VLOOKUP(E9, CHOOSE({1,2,3,4}, Einheitenvorsätze!A:A, Einheitenvorsätze!B:B, Einheitenvorsätze!C:C, Einheitenvorsätze!D:D), 4, FALSE),F9)) -> 12 * 10⁻³s | K9: =IF(E9=Einheitenvorsätze!$A$19,_xlfn.CONCAT(D9,F9),_xlfn.CONCAT(D9,E9,F9)) -> 12ms | L9: =_xlfn.CONCAT(I9,K9) -> t = 12ms | M9: =_xlfn.CONCAT(I9,J9) -> t = 12 * 10⁻³s | O9: =_xlfn.CONCAT(C9,"-",Einheitenvorsätze!C56," * ln(1 - UC/U0)") -> t = -τ * ln(1 - UC/U0) | R9: =-D11 * LN(1 - D12/D6) -> 0.012000026
C11: =_xlfn.CONCAT(" ",Einheitenvorsätze!C56," = ") -> τ = | D11: =ROUND(D7*D8 * 10^(G7+G8+G11),4) -> 0.018 | E11: – | F11: s | G11: =VLOOKUP(E11, CHOOSE({1,2,3,4,5}, Einheitenvorsätze!A:A, Einheitenvorsätze!B:B, Einheitenvorsätze!C:C, Einheitenvorsätze!D:D, Einheitenvorsätze!E:E), 5, FALSE) -> 0 | H11: =D11*VLOOKUP(E11, CHOOSE({1,2,3,4}, Einheitenvorsätze!A:A, Einheitenvorsätze!B:B, Einheitenvorsätze!C:C, Einheitenvorsätze!D:D), 3, FALSE) -> 0.018 | I11: =C11 -> τ = | J11: =IF(E11=Einheitenvorsätze!$A$19,_xlfn.CONCAT(D11,F11),_xlfn.CONCAT(D11," * ",VLOOKUP(E11, CHOOSE({1,2,3,4}, Einheitenvorsätze!A:A, Einheitenvorsätze!B:B, Einheitenvorsätze!C:C, Einheitenvorsätze!D:D), 4, FALSE),F11)) -> 0.018s | K11: =IF(E11=Einheitenvorsätze!$A$19,_xlfn.CONCAT(D11,F11),_xlfn.CONCAT(D11,E11,F11)) -> 0.018s | L11: =_xlfn.CONCAT(I11,K11) -> τ = 0.018s | M11: =_xlfn.CONCAT(I11,J11) -> τ = 0.018s | N11: =_xlfn.CONCAT(C11," R*C") -> τ = R*C | O11: =_xlfn.CONCAT(C11,"-t/ln(1 - UC/U0)") -> τ = -t/ln(1 - UC/U0) | R11: =-D9 / LN(1 - D12/D6) -> 17.99996
B12: Laden: | C12: =_xlfn.CONCAT(" UC = ") -> UC = | D12: =ROUND(H6*(1-EXP(-H9/H11))/10^G12,4) -> 26.7621 | E12: – | F12: V | G12: =VLOOKUP(E12, CHOOSE({1,2,3,4,5}, Einheitenvorsätze!A:A, Einheitenvorsätze!B:B, Einheitenvorsätze!C:C, Einheitenvorsätze!D:D, Einheitenvorsätze!E:E), 5, FALSE) -> 0 | H12: =D12*VLOOKUP(E12, CHOOSE({1,2,3,4}, Einheitenvorsätze!A:A, Einheitenvorsätze!B:B, Einheitenvorsätze!C:C, Einheitenvorsätze!D:D), 3, FALSE) -> 26.7621 | I12: =C12 -> UC = | J12: =IF(E12=Einheitenvorsätze!$A$19,_xlfn.CONCAT(D12,F12),_xlfn.CONCAT(D12," * ",VLOOKUP(E12, CHOOSE({1,2,3,4}, Einheitenvorsätze!A:A, Einheitenvorsätze!B:B, Einheitenvorsätze!C:C, Einheitenvorsätze!D:D), 4, FALSE),F12)) -> 26.7621V | K12: =IF(E12=Einheitenvorsätze!$A$19,_xlfn.CONCAT(D12,F12),_xlfn.CONCAT(D12,E12,F12)) -> 26.7621V | L12: =_xlfn.CONCAT(I12,K12) -> UC = 26.7621V | M12: =_xlfn.CONCAT(I12,J12) -> UC = 26.7621V | N12: Laden: | O12: =_xlfn.CONCAT("UC(t) = U0(1 - e^(-t/",Einheitenvorsätze!C56,"))") -> UC(t) = U0(1 - e^(-t/τ)) | R12: =D6*(1 - EXP(-D9/D11)) -> 55
B13: Entladen: | C13: =_xlfn.CONCAT(" UC = ") -> UC = | D13: =ROUND(H6*(EXP(-H9/H11))/10^G12,4) -> 28.2379 | E13: – | F13: V | G13: =VLOOKUP(E13, CHOOSE({1,2,3,4,5}, Einheitenvorsätze!A:A, Einheitenvorsätze!B:B, Einheitenvorsätze!C:C, Einheitenvorsätze!D:D, Einheitenvorsätze!E:E), 5, FALSE) -> 0 | H13: =D13*VLOOKUP(E13, CHOOSE({1,2,3,4}, Einheitenvorsätze!A:A, Einheitenvorsätze!B:B, Einheitenvorsätze!C:C, Einheitenvorsätze!D:D), 3, FALSE) -> 28.2379 | I13: =C13 -> UC = | J13: =IF(E13=Einheitenvorsätze!$A$19,_xlfn.CONCAT(D13,F13),_xlfn.CONCAT(D13," * ",VLOOKUP(E13, CHOOSE({1,2,3,4}, Einheitenvorsätze!A:A, Einheitenvorsätze!B:B, Einheitenvorsätze!C:C, Einheitenvorsätze!D:D), 4, FALSE),F13)) -> 28.2379V | K13: =IF(E13=Einheitenvorsätze!$A$19,_xlfn.CONCAT(D13,F13),_xlfn.CONCAT(D13,E13,F13)) -> 28.2379V | L13: =_xlfn.CONCAT(I13,K13) -> UC = 28.2379V | M13: =_xlfn.CONCAT(I13,J13) -> UC = 28.2379V | N13: Entladen: | O13: =_xlfn.CONCAT("UC(t) = U0(e^(-t/",Einheitenvorsätze!C56,"))") -> UC(t) = U0(e^(-t/τ))
N16: (-t/RC) = | O16: =-H9/H11 -> -0.66666667 | R16: =_xlfn.CONCAT("t / ", Einheitenvorsätze!C56) -> t / τ | S16: (1 - e^(-t/RC))
N17: e^(-t/RC) = | O17: =EXP(O16) -> 0.51341712 | R17: 0 | S17: =1-EXP(-R17) -> 0
I18: Gegeben: | K18: Gesucht: | N18: 1 - e^(-t/RC) = | O18: =1-O17 -> 0.48658288 | R18: 1 | S18: =1-EXP(-R18) -> 0.63212056
I19: =$L$7 -> R = 1500kΩ | K19: =IF($I$4=$R$2,$L$11,_xlfn.CONCAT($C$11,"?")) -> τ = 0.018s | R19: 2 | S19: =1-EXP(-R19) -> 0.86466472
I20: =$L$8 -> C = 12nF | K20: =IF($I$4=$R$2,$L$12,_xlfn.CONCAT($C$12,"?")) -> UC = 26.7621V | L20: =IF($I$4=$R$2,$H$12/$H$6,"") -> 0.48658364 | R20: 3 | S20: =1-EXP(-R20) -> 0.95021293
I21: =$L$6 -> U0 = 55V | R21: 4 | S21: =1-EXP(-R21) -> 0.98168436
I22: =$L$9 -> t = 12ms | R22: 5 | S22: =1-EXP(-R22) -> 0.99326205
R23: 6 | S23: =1-EXP(-R23) -> 0.99752125
B30: Increment: | C30: 2 | D30: =_xlfn.CONCAT(IF(E9="–","",E9),F9) -> ms | Y30: Asymptote:
B31: t [s] | C31: =C32*10^$G$9 -> 0 | D31: =D32*10^$G$9 -> 0.002 | E31: =E32*10^$G$9 -> 0.004 | F31: =F32*10^$G$9 -> 0.006 | G31: =G32*10^$G$9 -> 0.008 | H31: =H32*10^$G$9 -> 0.01 | I31: =I32*10^$G$9 -> 0.012 | J31: =J32*10^$G$9 -> 0.014 | ... W31: =W32*10^$G$9 -> 0.04 | Y31: =C32 -> 0 | Z31: =W32 -> 40
B32: =_xlfn.CONCAT("t [",D30,"]") -> t [ms] | C32: 0 | D32: =C32+$C$30 -> 2 | E32: =D32+$C$30 -> 4 | F32: =E32+$C$30 -> 6 | G32: =F32+$C$30 -> 8 | H32: =G32+$C$30 -> 10 | I32: =H32+$C$30 -> 12 | J32: =I32+$C$30 -> 14 | K32: =J32+$C$30 -> 16 | ... W32: =V32+$C$30 -> 40 | Y32: =$D$6 -> 55 | Z32: =Y32 -> 55
A33: Ladekurve: | B33: UC(t) = U0(1 - e^(-t/RC)) | C33: =$D$6*(1-EXP(-C31/($H$7*$H$8))) -> 0 | D33: =$D$6*(1-EXP(-D31/($H$7*$H$8))) -> 5.7838376 | E33: =$D$6*(1-EXP(-E31/($H$7*$H$8))) -> 10.959443 | F33: =$D$6*(1-EXP(-F31/($H$7*$H$8))) -> 15.590778 | G33: =$D$6*(1-EXP(-G31/($H$7*$H$8))) -> 19.735079 | H33: =$D$6*(1-EXP(-H31/($H$7*$H$8))) -> 23.443562 | I33: =$D$6*(1-EXP(-I31/($H$7*$H$8))) -> 26.762058 | J33: =$D$6*(1-EXP(-J31/($H$7*$H$8))) -> 29.73158 | ... W33: =$D$6*(1-EXP(-W31/($H$7*$H$8))) -> 49.039759
A34: Entladekurve: | B34: UC(t) = U0(e^(-t/RC)) | C34: =$D$6*EXP(-C32/($H$7*$H$8)) -> 55 | D34: =$D$6*EXP(-D32/($H$7*$H$8)) -> 3.0578787e-47 | E34: =$D$6*EXP(-E32/($H$7*$H$8)) -> 1.7001131e-95 | F34: =$D$6*EXP(-F32/($H$7*$H$8)) -> 9.4522541e-144 | G34: =$D$6*EXP(-G32/($H$7*$H$8)) -> 5.2552448e-192 | H34: =$D$6*EXP(-H32/($H$7*$H$8)) -> 2.9218002e-240 | I34: =$D$6*EXP(-I32/($H$7*$H$8)) -> 1.6244565e-288 | J34: =$D$6*EXP(-J32/($H$7*$H$8)) -> 0 | ... W34: =$D$6*EXP(-W32/($H$7*$H$8)) -> 0
I39: Vertikale:
I40: =H11/10^G11 -> 0.018 | J40: =I40 -> 0.018
I41: 0 | J41: =$H$6*(1 - EXP(-1)) -> 34.766631
N42: Inc: | O42: 1
I43: Horizontale: | N43: x = | O43: 0 | P43: =O43+$O$42 -> 1 | Q43: =P43+$O$42 -> 2 | R43: =Q43+$O$42 -> 3 | S43: =R43+$O$42 -> 4 | T43: =S43+$O$42 -> 5 | U43: =T43+$O$42 -> 6 | V43: =U43+$O$42 -> 7 | W43: =V43+$O$42 -> 8 | ... Y43: =X43+$O$42 -> 10
I44: 0 | J44: =J40 -> 0.018 | N44: y = 1 - e-x = | O44: =1-EXP(-O43) -> 0 | P44: =1-EXP(-P43) -> 0.63212056 | Q44: =1-EXP(-Q43) -> 0.86466472 | R44: =1-EXP(-R43) -> 0.95021293 | S44: =1-EXP(-S43) -> 0.98168436 | T44: =1-EXP(-T43) -> 0.99326205 | U44: =1-EXP(-U43) -> 0.99752125 | V44: =1-EXP(-V43) -> 0.99908812 | ... Y44: =1-EXP(-Y43) -> 0.9999546
I45: =J41 -> 34.766631 | J45: =I45 -> 34.766631 | N45: y = e-x = | O45: =EXP(-O43) -> 1 | P45: =EXP(-P43) -> 0.36787944 | Q45: =EXP(-Q43) -> 0.13533528 | R45: =EXP(-R43) -> 0.049787068 | S45: =EXP(-S43) -> 0.018315639 | T45: =EXP(-T43) -> 0.006737947 | U45: =EXP(-U43) -> 0.0024787522 | V45: =EXP(-V43) -> 0.00091188197 | ... Y45: =EXP(-Y43) -> 4.539993e-05
H72: Vertikale:
H73: =H11/10^G11 -> 0.018 | I73: =H73 -> 0.018
H74: 0 | I74: =$H$6*(EXP(-1)) -> 20.233369
H76: Horizontale:
H77: 0 | I77: =I73 -> 0.018
H78: =I74 -> 20.233369 | I78: =H78 -> 20.233369

Sheet Quelle mit Innenwiderstand
C2: Quelle mit Innenwiderstand
J5: Daten der Quelle | N5: Leistungsanpassung: RL = Ri
J6: U0 = | K6: 1.55 | L6: [V] | N6: IAn = U0 / (2 * Ri) | O6: =K6/(2*K7) -> 1.1071429 | Q6: =K7 -> 0.7 | R6: =Q6 -> 0.7
J7: Ri = | K7: 0.7 | L7: [Ω] | N7: UAn = U0 / 2 | O7: =K6/2 -> 0.775 | Q7: 0 | R7: =MAX(O6:O8) -> 1.1071429
N8: PAn = IAn * UAn | O8: =O6*O7 -> 0.85803571
I10: Increment: | J10: 0.1
I11: RL | J11: 0 | K11: =J11+$J$10 -> 0.1 | L11: =K11+$J$10 -> 0.2 | M11: =L11+$J$10 -> 0.3 | N11: =M11+$J$10 -> 0.4 | O11: =N11+$J$10 -> 0.5 | P11: =O11+$J$10 -> 0.6 | Q11: =P11+$J$10 -> 0.7 | R11: =Q11+$J$10 -> 0.8 | ... AD11: =AC11+$J$10 -> 2
I12: I = U0/(Ri + RL) | J12: =$K$6/($K$7+J11) -> 2.2142857 | K12: =$K$6/($K$7+K11) -> 1.9375 | L12: =$K$6/($K$7+L11) -> 1.7222222 | M12: =$K$6/($K$7+M11) -> 1.55 | N12: =$K$6/($K$7+N11) -> 1.4090909 | O12: =$K$6/($K$7+O11) -> 1.2916667 | P12: =$K$6/($K$7+P11) -> 1.1923077 | Q12: =$K$6/($K$7+Q11) -> 1.1071429 | ... AD12: =$K$6/($K$7+AD11) -> 0.57407407
I13: U = RL * I | J13: =J11*J12 -> 0 | K13: =K11*K12 -> 0.19375 | L13: =L11*L12 -> 0.34444444 | M13: =M11*M12 -> 0.465 | N13: =N11*N12 -> 0.56363636 | O13: =O11*O12 -> 0.64583333 | P13: =P11*P12 -> 0.71538462 | Q13: =Q11*Q12 -> 0.775 | ... AD13: =AD11*AD12 -> 1.1481481
I14: PRL = U * I | J14: =J12*J13 -> 0 | K14: =K12*K13 -> 0.37539063 | L14: =L12*L13 -> 0.59320988 | M14: =M12*M13 -> 0.72075 | N14: =N12*N13 -> 0.79421488 | O14: =O12*O13 -> 0.83420139 | P14: =P12*P13 -> 0.85295858 | Q14: =Q12*Q13 -> 0.85803571 | ... AD14: =AD12*AD13 -> 0.65912209
I17: RL | J17: I = U0/(Ri + RL) | K17: U = RL * I
I18: [Ω] | J18: [mA] | K18: [V]
I19: 8 | J19: =$K$6/($K$7+I19)*1000 -> 178.16092 | K19: =I19*J19/1000 -> 1.4252874
I20: 4 | J20: =$K$6/($K$7+I20)*1000 -> 329.78723 | K20: =I20*J20/1000 -> 1.3191489
I21: 1.5 | J21: =$K$6/($K$7+I21)*1000 -> 704.54545 | K21: =I21*J21/1000 -> 1.0568182
I22: 0.75 | J22: =$K$6/($K$7+I22)*1000 -> 1068.9655 | K22: =I22*J22/1000 -> 0.80172414
I23: 0.3 | J23: =$K$6/($K$7+I23)*1000 -> 1550 | K23: =I23*J23/1000 -> 0.465
I24: 0 | J24: =$K$6/($K$7+I24)*1000 -> 2214.2857 | K24: =I24*J24/1000 -> 0

Sheet Schiefeebene
C2: Schiefe Ebene | L2: Winkelmasse | M2: Masse
L3: ° | M3: mg
L4: rad | M4: g
M5: kg
M6: t
D20: Masse: | E20: m = | F20: 5 | G20: g | K20: Reibungs-Koeffizient:
D21: Steigungswinkel: | E21: α = | F21: 31 | G21: ° | K21: Haftreibung (μₕ) = | L21: 0.6
E22: =E21 -> α = | F22: =IF(G21=G22,F21,F21*180/PI()) -> 31 | G22: =L3 -> ° | K22: Gleitreibung (μₖ) = | L22: 0.2
E23: =E21 -> α = | F23: =IF(G21=G23,F21,F21*PI()/180) -> 0.54105207 | G23: =L4 -> rad | K23: Winkel: Haften zu gleiten: | L23: =DEGREES(ATAN(L21)) -> 30.963757 | M23: [°] | O23: =L23*PI()/180 -> 0.5404195 | P23: [rad]
D24: Erdbeschleunigung: | E24: g = | F24: 9.81 | G24: m/s2 | K24: Winkel: Gleiten zu haften: | L24: =DEGREES(ATAN(L22)) -> 11.309932 | M24: [°] | O24: =L24*PI()/180 -> 0.19739556 | P24: [rad]
D26: Gewichtskraft: | E26: FG = | F26: m*g = | G26: =$F$20*$F$24 -> 49.05 | H26: =IF($G$20=$M$5,"N",IF($G$20=$M$6,"kN",IF($G$20=$M$4,"mN",IF($G$20=$M$3,"Mikro N","")))) -> mN
D27: Hangabtriebskraft: | E27: FH = | F27: FG * sin(α) = | G27: =$G$26*SIN($F$23) -> 25.262618 | H27: =H26 -> mN
D28: Normalkraft: | E28: FN = | F28: FG * cos(α) = | G28: =$G$26*COS($F$23) -> 42.044056 | H28: =H27 -> mN
D30: Haftreibungskraft: | E30: FRHaft = | F30: FN * μₕ = | G30: =$G$28*$L$21 -> 25.226434 | H30: =H28 -> mN
D31: Resultierende Hangabtriebskraft (Haftet): | E31: FHR_Haft = | F31: FH - FRHaft = | G31: =$G$27-G30 -> 0.036183915 | H31: =H30 -> mN | I31: =IF(G31>0,"Gleiten","Haftet") -> Gleiten | K31: Materialkombination | L31: Haftreibung (μₕ) | M31: Gleitreibung (μₖ) | O31: =D21 -> Steigungswinkel: | R31: Step: | S31: 5
D32: Gleitreibungskraft: | E32: FRGleit = | F32: FN * μₖ = | G32: =$G$28*$L$22 -> 8.4088112 | H32: =H31 -> mN | K32: Gummi auf trockenem Asphalt | L32: 0,9 – 1,0 | M32: 0,7 – 0,9 | O32: α = | P32: [°] | Q32: 0 | R32: =Q32+$S$31 -> 5 | S32: =R32+$S$31 -> 10 | T32: =S32+$S$31 -> 15 | U32: =T32+$S$31 -> 20 | V32: =U32+$S$31 -> 25 | W32: =V32+$S$31 -> 30 | X32: =W32+$S$31 -> 35 | Y32: =X32+$S$31 -> 40 | ... AI32: =AH32+$S$31 -> 90
D33: Resultierende Hangabtriebskraft (Gleitet): | E33: FHR _Gleit = | F33: FH - FRGleit = | G33: =$G$27-G32 -> 16.853806 | H33: =H32 -> mN | K33: Stahl auf Stahl (trocken) | L33: 0,6 – 0,8 | M33: 0,4 – 0,6 | O33: α = | P33: [rad] | Q33: =Q32*PI()/180 -> 0 | R33: =R32*PI()/180 -> 0.087266463 | S33: =S32*PI()/180 -> 0.17453293 | T33: =T32*PI()/180 -> 0.26179939 | U33: =U32*PI()/180 -> 0.34906585 | V33: =V32*PI()/180 -> 0.43633231 | W33: =W32*PI()/180 -> 0.52359878 | X33: =X32*PI()/180 -> 0.61086524 | ... AI33: =AI32*PI()/180 -> 1.5707963
K34: Holz auf Holz | L34: 0,4 – 0,6 | M34: 0,2 – 0,5 | O34: FH = | P34: =H26 -> mN | Q34: =$F$20*SIN(Q33)*$F$24 -> 0 | R34: =$F$20*SIN(R33)*$F$24 -> 4.2749892 | S34: =$F$20*SIN(S33)*$F$24 -> 8.5174431 | T34: =$F$20*SIN(T33)*$F$24 -> 12.695074 | U34: =$F$20*SIN(U33)*$F$24 -> 16.776088 | V34: =$F$20*SIN(V33)*$F$24 -> 20.729426 | W34: =$F$20*SIN(W33)*$F$24 -> 24.525 | X34: =$F$20*SIN(X33)*$F$24 -> 28.133924 | ... AI34: =$F$20*SIN(AI33)*$F$24 -> 49.05
K35: Eis auf Eis | L35: ~0,1 | M35: ~0,03 – 0,05 | O35: FRHaft = | P35: =P34 -> mN | Q35: =$F$20*$F$24*COS(Q33)*$L$21 -> 29.43 | R35: =$F$20*$F$24*COS(R33)*$L$21 -> 29.31801 | S35: =$F$20*$F$24*COS(S33)*$L$21 -> 28.982892 | T35: =$F$20*$F$24*COS(T33)*$L$21 -> 28.427197 | U35: =$F$20*$F$24*COS(U33)*$L$21 -> 27.655154 | V35: =$F$20*$F$24*COS(V33)*$L$21 -> 26.672638 | W35: =$F$20*$F$24*COS(W33)*$L$21 -> 25.487128 | X35: =$F$20*$F$24*COS(X33)*$L$21 -> 24.107645 | ... AI35: =$F$20*$F$24*COS(AI33)*$L$21 -> 1.802806e-15
K36: Teflon auf Teflon | L36: ~0,04 | M36: ~0,04 | O36: FRGleit = | P36: =P35 -> mN | Q36: =$F$20*$F$24*COS(Q33)*$L$22 -> 9.81 | R36: =$F$20*$F$24*COS(R33)*$L$22 -> 9.77267 | S36: =$F$20*$F$24*COS(S33)*$L$22 -> 9.6609641 | T36: =$F$20*$F$24*COS(T33)*$L$22 -> 9.4757324 | U36: =$F$20*$F$24*COS(U33)*$L$22 -> 9.2183846 | V36: =$F$20*$F$24*COS(V33)*$L$22 -> 8.8908794 | W36: =$F$20*$F$24*COS(W33)*$L$22 -> 8.4957092 | X36: =$F$20*$F$24*COS(X33)*$L$22 -> 8.0358816 | ... AI36: =$F$20*$F$24*COS(AI33)*$L$22 -> 6.0093532e-16
O37: FHR_Haft = | P37: =P36 -> mN | Q37: =Q34-Q35 -> -29.43 | R37: =R34-R35 -> -25.043021 | S37: =S34-S35 -> -20.465449 | T37: =T34-T35 -> -15.732123 | U37: =U34-U35 -> -10.879066 | V37: =V34-V35 -> -5.9432124 | W37: =W34-W35 -> -0.96212763 | X37: =X34-X35 -> 4.0262795 | ... AI37: =AI34-AI35 -> 49.05
O38: FHR _Gleit = | P38: =P37 -> mN | Q38: =Q34-Q36 -> -9.81 | R38: =R34-R36 -> -5.4976808 | S38: =S34-S36 -> -1.1435209 | T38: =T34-T36 -> 3.2193418 | U38: =U34-U36 -> 7.5577034 | V38: =V34-V36 -> 11.838546 | W38: =W34-W36 -> 16.029291 | X38: =X34-X36 -> 20.098043 | ... AI38: =AI34-AI36 -> 49.05
O39: a = FHR_Gleit / m = | Q39: =IF(Q38>0,Q38/$F$20,0) -> 0 | R39: =IF(R38>0,R38/$F$20,0) -> 0 | S39: =IF(S38>0,S38/$F$20,0) -> 0 | T39: =IF(T38>0,T38/$F$20,0) -> 0.64386836 | U39: =IF(U38>0,U38/$F$20,0) -> 1.5115407 | V39: =IF(V38>0,V38/$F$20,0) -> 2.3677093 | W39: =IF(W38>0,W38/$F$20,0) -> 3.2058582 | X39: =IF(X38>0,X38/$F$20,0) -> 4.0196085 | ... AI39: =IF(AI38>0,AI38/$F$20,0) -> 9.81
O40: a = g⋅(sin(α)−μₖ​⋅cos(α)) = | Q40: =IF(Q38>0,$F$24*(SIN(Q33)-$L$22*COS(Q33)),0) -> 0 | R40: =IF(R38>0,$F$24*(SIN(R33)-$L$22*COS(R33)),0) -> 0 | S40: =IF(S38>0,$F$24*(SIN(S33)-$L$22*COS(S33)),0) -> 0 | T40: =IF(T38>0,$F$24*(SIN(T33)-$L$22*COS(T33)),0) -> 0.64386836 | U40: =IF(U38>0,$F$24*(SIN(U33)-$L$22*COS(U33)),0) -> 1.5115407 | V40: =IF(V38>0,$F$24*(SIN(V33)-$L$22*COS(V33)),0) -> 2.3677093 | W40: =IF(W38>0,$F$24*(SIN(W33)-$L$22*COS(W33)),0) -> 3.2058582 | X40: =IF(X38>0,$F$24*(SIN(X33)-$L$22*COS(X33)),0) -> 4.0196085 | ... AI40: =IF(AI38>0,$F$24*(SIN(AI33)-$L$22*COS(AI33)),0) -> 9.81
AH41: Haften -> Gleiten | AI41: 0 | AJ41: =$L$23 -> 30.963757 | AK41: =$L$23 -> 30.963757
AI42: 0 | AJ42: 0 | AK42: =$F$24*(SIN(O23)-$L$22*COS(O23)) -> 3.3648022

Sheet Leistung bei Wechselstrom
C2: Leistung bei ein-phasigem Wechselstrom
E4: Û = | F4: 1 | G4: V | I4: φU = | J4: 120 | K4: ° = | L4: =RADIANS(J4) -> 2.0943951 | M4: rad | T4: x-Achse: | U4: =MIN(F8:AT8) -> 0 | V4: =MAX(F8:AT8) -> 400 | Y4: y-Achse: | Z4: 0 | AA4: 0 | AC4: Ja
E5: Î = | F5: 2 | G5: A | I5: φI = | J5: 90 | K5: ° = | L5: =RADIANS(J5) -> 1.5707963 | M5: rad | U5: 0 | V5: 0 | Z5: =MIN(F10:AT13) -> -2 | AA5: =MAX(F10:AT13) -> 2 | AC5: Nein
E7: Inc: | F7: 10
C8: x | E8: [°] | F8: 0 | G8: =F8+$F$7 -> 10 | H8: =G8+$F$7 -> 20 | I8: =H8+$F$7 -> 30 | J8: =I8+$F$7 -> 40 | K8: =J8+$F$7 -> 50 | L8: =K8+$F$7 -> 60 | M8: =L8+$F$7 -> 70 | N8: =M8+$F$7 -> 80 | ... AT8: =AS8+$F$7 -> 400
C9: x | E9: [rad] | F9: =F8*PI()/180 -> 0 | G9: =G8*PI()/180 -> 0.17453293 | H9: =H8*PI()/180 -> 0.34906585 | I9: =I8*PI()/180 -> 0.52359878 | J9: =J8*PI()/180 -> 0.6981317 | K9: =K8*PI()/180 -> 0.87266463 | L9: =L8*PI()/180 -> 1.0471976 | M9: =M8*PI()/180 -> 1.2217305 | ... AT9: =AT8*PI()/180 -> 6.981317
B10: Ja | C10: U(t) = UMomentan = | D10: Û * sin(x + φU) | E10: [V] | F10: =IF($B$10=$AC$4,$F$4*SIN(F9+$L$4),0) -> 0.8660254 | G10: =IF($B$10=$AC$4,$F$4*SIN(G9+$L$4),0) -> 0.76604444 | H10: =IF($B$10=$AC$4,$F$4*SIN(H9+$L$4),0) -> 0.64278761 | I10: =IF($B$10=$AC$4,$F$4*SIN(I9+$L$4),0) -> 0.5 | J10: =IF($B$10=$AC$4,$F$4*SIN(J9+$L$4),0) -> 0.34202014 | K10: =IF($B$10=$AC$4,$F$4*SIN(K9+$L$4),0) -> 0.17364818 | L10: =IF($B$10=$AC$4,$F$4*SIN(L9+$L$4),0) -> 1.2251485e-16 | M10: =IF($B$10=$AC$4,$F$4*SIN(M9+$L$4),0) -> -0.17364818 | ... AT10: =IF($B$10=$AC$4,$F$4*SIN(AT9+$L$4),0) -> 0.34202014
B11: Ja | C11: I(t) = IMomentan = | D11: Î * sin(x + φI) | E11: [A] | F11: =IF($B$11=$AC$4,$F$5*SIN(F9+$L$5),0) -> 2 | G11: =IF($B$11=$AC$4,$F$5*SIN(G9+$L$5),0) -> 1.9696155 | H11: =IF($B$11=$AC$4,$F$5*SIN(H9+$L$5),0) -> 1.8793852 | I11: =IF($B$11=$AC$4,$F$5*SIN(I9+$L$5),0) -> 1.7320508 | J11: =IF($B$11=$AC$4,$F$5*SIN(J9+$L$5),0) -> 1.5320889 | K11: =IF($B$11=$AC$4,$F$5*SIN(K9+$L$5),0) -> 1.2855752 | L11: =IF($B$11=$AC$4,$F$5*SIN(L9+$L$5),0) -> 1 | M11: =IF($B$11=$AC$4,$F$5*SIN(M9+$L$5),0) -> 0.68404029 | ... AT11: =IF($B$11=$AC$4,$F$5*SIN(AT9+$L$5),0) -> 1.5320889
B12: Nein | C12: P(t) = PMomentan = | D12: =IF($J$4=$J$5,"Umomentan^2 / R","Nicht gleichphasig") -> Nicht gleichphasig | E12: [W] | F12: =IF($B$12=$AC$4,IF($J$4=$J$5,F10^2,0),0) -> 0 | G12: =IF($B$12=$AC$4,IF($J$4=$J$5,G10^2,0),0) -> 0 | H12: =IF($B$12=$AC$4,IF($J$4=$J$5,H10^2,0),0) -> 0 | I12: =IF($B$12=$AC$4,IF($J$4=$J$5,I10^2,0),0) -> 0 | J12: =IF($B$12=$AC$4,IF($J$4=$J$5,J10^2,0),0) -> 0 | K12: =IF($B$12=$AC$4,IF($J$4=$J$5,K10^2,0),0) -> 0 | L12: =IF($B$12=$AC$4,IF($J$4=$J$5,L10^2,0),0) -> 0 | M12: =IF($B$12=$AC$4,IF($J$4=$J$5,M10^2,0),0) -> 0 | ... AT12: =IF($B$12=$AC$4,IF($J$4=$J$5,AT10^2,0),0) -> 0
B13: Ja | C13: P(t) = PMomentan = | D13: U(t) * I(t) | E13: [W] | F13: =IF($B$13=$AC$4,F10*F11,0) -> 1.7320508 | G13: =IF($B$13=$AC$4,G10*G11,0) -> 1.508813 | H13: =IF($B$13=$AC$4,H10*H11,0) -> 1.2080455 | I13: =IF($B$13=$AC$4,I10*I11,0) -> 0.8660254 | J13: =IF($B$13=$AC$4,J10*J11,0) -> 0.52400526 | K13: =IF($B$13=$AC$4,K10*K11,0) -> 0.22323779 | L13: =IF($B$13=$AC$4,L10*L11,0) -> 1.2251485e-16 | M13: =IF($B$13=$AC$4,M10*M11,0) -> -0.11878235 | ... AT13: =IF($B$13=$AC$4,AT10*AT11,0) -> 0.52400526
F17: =IF(AND($B$10=$AC$4,$B$11=$AC$4),IF(J4=J5,"Phasengleich (Ohmsche Last)",IF(J4>J5,"Spannung voreilend (Induktive Last)",IF(J4<J5,"Strom voreilend (Kapazitive Last)","ERROR"))),"") -> Spannung voreilend (Induktive Last)

Sheet Sinus_Cosinus
F2: Sinus / Cosinus / Tangens | BC2: Momentanwert Zeitbereich
L3: Ja | M3: [°] | BC3: =AZ10 -> 30 | BD3: =BC3 -> 30
L4: Nein | M4: [rad] | BC4: =IF(MIN(AZ12:AZ17)>0,0,MIN(AZ12:AZ17)) -> 0 | BD4: =IF(MAX(AZ12:AZ17) < 0,0,MAX(AZ12:AZ17)) -> 2
G9: Inc: | H9: 10 | AZ9: Momentanwerte | BC9: Vektoren | BG9: Vektor-Pfeile | BK9: Skala
C10: Radius | F10: x | G10: [°] | H10: 0 | I10: =H10+$H$9 -> 10 | J10: =I10+$H$9 -> 20 | K10: =J10+$H$9 -> 30 | L10: =K10+$H$9 -> 40 | M10: =L10+$H$9 -> 50 | N10: =M10+$H$9 -> 60 | O10: =N10+$H$9 -> 70 | P10: =O10+$H$9 -> 80 | ... AV10: =AU10+$H$9 -> 400 | AZ10: 30 | BA10: [°] | BC10: Betrag | BD10: Winkel [°] | BE10: x | BF10: y | BG10: x0 | BH10: x1 | BI10: y0 | BJ10: y1 | BK10: max | BL10: x0 | BM10: x1 | BN10: x2 | BO10: x3 | BP10: y0 | BQ10: y1 | BR10: y2 | BS10: y3
C11: Amplitude | D11: Phasenlage phi | E11: View | F11: x | G11: [rad] | H11: =IF($G$10=$M$3,H10*PI()/180,H10) -> 0 | I11: =IF($G$10=$M$3,I10*PI()/180,I10) -> 0.17453293 | J11: =IF($G$10=$M$3,J10*PI()/180,J10) -> 0.34906585 | K11: =IF($G$10=$M$3,K10*PI()/180,K10) -> 0.52359878 | L11: =IF($G$10=$M$3,L10*PI()/180,L10) -> 0.6981317 | M11: =IF($G$10=$M$3,M10*PI()/180,M10) -> 0.87266463 | N11: =IF($G$10=$M$3,N10*PI()/180,N10) -> 1.0471976 | O11: =IF($G$10=$M$3,O10*PI()/180,O10) -> 1.2217305 | ... AV11: =IF($G$10=$M$3,AV10*PI()/180,AV10) -> 6.981317 | AX11: Anzeigen: | AZ11: =IF($BA$10=$M$3,AZ10*PI()/180,H10) -> 0.52359878 | BA11: =M4 -> [rad] | BK11: {=MAX(ABS(BC12:BC16))} -> 4 | BL11: 0 | BM11: =BK11 -> 4 | BN11: 0 | BO11: =-BK11 -> -4 | BP11: =BM11 -> 4 | BQ11: 0 | BR11: =BO11 -> -4 | BS11: 0
C12: 4 | D12: 0 | F12: y1 = | G12: =_xlfn.CONCAT(C12, IF(D12=0," * sin(x) =",IF(D12<0,_xlfn.CONCAT(" * sin(x - ",ABS(D12),") ="),_xlfn.CONCAT(" * sin(x + ",D12,") =")))) -> 4 * sin(x) = | H12: =IF($AX$12=$L$3,$C$12*SIN(H11+RADIANS($D$12)),0) -> 0 | I12: =IF($AX$12=$L$3,$C$12*SIN(I11+RADIANS($D$12)),0) -> 0.69459271 | J12: =IF($AX$12=$L$3,$C$12*SIN(J11+RADIANS($D$12)),0) -> 1.3680806 | K12: =IF($AX$12=$L$3,$C$12*SIN(K11+RADIANS($D$12)),0) -> 2 | L12: =IF($AX$12=$L$3,$C$12*SIN(L11+RADIANS($D$12)),0) -> 2.5711504 | M12: =IF($AX$12=$L$3,$C$12*SIN(M11+RADIANS($D$12)),0) -> 3.0641778 | N12: =IF($AX$12=$L$3,$C$12*SIN(N11+RADIANS($D$12)),0) -> 3.4641016 | O12: =IF($AX$12=$L$3,$C$12*SIN(O11+RADIANS($D$12)),0) -> 3.7587705 | ... AV12: =IF($AX$12=$L$3,$C$12*SIN(AV11+RADIANS($D$12)),0) -> 2.5711504 | AX12: Ja | AZ12: =IF($AX$12=$L$3,$C$12 * SIN(AZ11 + RADIANS($D$12)),0) -> 2 | BC12: =IF($AX$12=$L$3,$C12,0) -> 4 | BD12: =$AZ$10+$D$12 -> 30 | BE12: =BC12*COS(RADIANS(BD12)) -> 3.4641016 | BF12: =BC12*SIN(RADIANS(BD12)) -> 2 | BG12: 0 | BH12: =BE12 -> 3.4641016 | BI12: 0 | BJ12: =BF12 -> 2
C13: 4 | D13: -90 | F13: y2 = | G13: =_xlfn.CONCAT(C13, IF(D13=0," * cos(x) =",IF(D13<0,_xlfn.CONCAT(" * cos(x - ",ABS(D13),") ="),_xlfn.CONCAT(" * cos(x + ",D13,") =")))) -> 4 * cos(x - 90) = | H13: =IF($AX$13=$L$3,$C$13*COS(H11+RADIANS($D$13)),0) -> 0 | I13: =IF($AX$13=$L$3,$C$13*COS(I11+RADIANS($D$13)),0) -> 0 | J13: =IF($AX$13=$L$3,$C$13*COS(J11+RADIANS($D$13)),0) -> 0 | K13: =IF($AX$13=$L$3,$C$13*COS(K11+RADIANS($D$13)),0) -> 0 | L13: =IF($AX$13=$L$3,$C$13*COS(L11+RADIANS($D$13)),0) -> 0 | M13: =IF($AX$13=$L$3,$C$13*COS(M11+RADIANS($D$13)),0) -> 0 | N13: =IF($AX$13=$L$3,$C$13*COS(N11+RADIANS($D$13)),0) -> 0 | O13: =IF($AX$13=$L$3,$C$13*COS(O11+RADIANS($D$13)),0) -> 0 | ... AV13: =IF($AX$13=$L$3,$C$13*COS(AV11+RADIANS($D$13)),0) -> 0 | AX13: Nein | AZ13: =IF($AX$13=$L$3,$C$13 * COS(AZ11+RADIANS(D13)),0) -> 0 | BC13: =IF($AX$13=$L$3,$C13,0) -> 0 | BD13: =$AZ$10+90+$D$13 -> 30 | BE13: =BC13*COS(RADIANS(BD13)) -> 0 | BF13: =BC13*SIN(RADIANS(BD13)) -> 0 | BG13: 0 | BH13: =BE13 -> 0 | BI13: 0 | BJ13: =BF13 -> 0
BK15: Hilfslinie_1 | BO15: Hilfslinie_2
F16: Y3 = | G16: Y1 + Y2 = | H16: =IF($AX$16=$L$3,H12+H13,0) -> 0 | I16: =IF($AX$16=$L$3,I12+I13,0) -> 0 | J16: =IF($AX$16=$L$3,J12+J13,0) -> 0 | K16: =IF($AX$16=$L$3,K12+K13,0) -> 0 | L16: =IF($AX$16=$L$3,L12+L13,0) -> 0 | M16: =IF($AX$16=$L$3,M12+M13,0) -> 0 | N16: =IF($AX$16=$L$3,N12+N13,0) -> 0 | O16: =IF($AX$16=$L$3,O12+O13,0) -> 0 | ... AV16: =IF($AX$16=$L$3,AV12+AV13,0) -> 0 | AX16: Nein | AZ16: =IF($AX$16=$L$3,AZ12+AZ13,0) -> 0 | BC16: =SQRT(BE16^2+BF16^2) -> 0 | BD16: =IF($AX$16=$L$3,DEGREES(ATAN2(BE16,BF16)),0) -> 0 | BE16: =IF($AX$16=$L$3,BE12+BE13,0) -> 0 | BF16: =IF($AX$16=$L$3,BF12+BF13,0) -> 0 | BG16: 0 | BH16: =BE16 -> 0 | BI16: 0 | BJ16: =BF16 -> 0 | BK16: =IF($AX$16=$L$3,BE13,0) -> 0 | BL16: =BE16 -> 0 | BM16: =IF($AX$16=$L$3,BF13,0) -> 0 | BN16: =BF16 -> 0 | BO16: =BE12 -> 3.4641016 | BP16: =BL16 -> 0 | BQ16: =IF($AX$16=$L$3,BF12,0) -> 0 | BR16: =BN16 -> 0
F17: Y3 = | G17: Y1 * Y2 = | H17: =IF($AX$17=$L$3,H12*H13,0) -> 0 | I17: =IF($AX$17=$L$3,I12*I13,0) -> 0 | J17: =IF($AX$17=$L$3,J12*J13,0) -> 0 | K17: =IF($AX$17=$L$3,K12*K13,0) -> 0 | L17: =IF($AX$17=$L$3,L12*L13,0) -> 0 | M17: =IF($AX$17=$L$3,M12*M13,0) -> 0 | N17: =IF($AX$17=$L$3,N12*N13,0) -> 0 | O17: =IF($AX$17=$L$3,O12*O13,0) -> 0 | ... AV17: =IF($AX$17=$L$3,AV12*AV13,0) -> 0 | AX17: Nein | AZ17: =IF($AX$17=$L$3,AZ12*AZ13,0) -> 0
F61: y10 = | G61: tan(x) = | H61: =IF(ABS(TAN(H11))>10,0,TAN(H11)) -> 0 | I61: =IF(ABS(TAN(I11))>10,0,TAN(I11)) -> 0.17632698 | J61: =IF(ABS(TAN(J11))>10,0,TAN(J11)) -> 0.36397023 | K61: =IF(ABS(TAN(K11))>10,0,TAN(K11)) -> 0.57735027 | L61: =IF(ABS(TAN(L11))>10,0,TAN(L11)) -> 0.83909963 | M61: =IF(ABS(TAN(M11))>10,0,TAN(M11)) -> 1.1917536 | N61: =IF(ABS(TAN(N11))>10,0,TAN(N11)) -> 1.7320508 | O61: =IF(ABS(TAN(O11))>10,0,TAN(O11)) -> 2.7474774 | ... AV61: =IF(ABS(TAN(AV11))>10,0,TAN(AV11)) -> 0.83909963
F62: y11= | G62: sin(x) = | H62: =SIN(H11) -> 0 | I62: =SIN(I11) -> 0.17364818 | J62: =SIN(J11) -> 0.34202014 | K62: =SIN(K11) -> 0.5 | L62: =SIN(L11) -> 0.64278761 | M62: =SIN(M11) -> 0.76604444 | N62: =SIN(N11) -> 0.8660254 | O62: =SIN(O11) -> 0.93969262 | ... AV62: =SIN(AV11) -> 0.64278761
F92: α | G92: Einheit | H92: α [rad] | I92: sin(α) | J92: cos(α) | K92: tan(α) | L92: α [°] | M92: Resultate anzeigen | Q92: Ja
F93: 45 | G93: [°] | H93: =IF($Q$92=$L$3,IF(G93=$M$3,RADIANS(F93),F93),"") -> 0.78539816 | I93: =IF($Q$92=$L$3,SIN(H93),"") -> 0.70710678 | J93: =IF($Q$92=$L$3,COS(H93),"") -> 0.70710678 | K93: =IF($Q$92=$L$3,TAN(H93),"") -> 1 | L93: =IF($Q$92=$L$3,IF(G93=$M$4,DEGREES(F93),F93),"") -> 45
F94: 2 * π | G94: [rad] | H94: =IF($Q$92=$L$3,2*PI(),"") -> 6.2831853 | I94: =IF($Q$92=$L$3,SIN(H94),"") -> -2.4502969e-16 | J94: =IF($Q$92=$L$3,COS(H94),"") -> 1 | K94: =IF($Q$92=$L$3,TAN(H94),"") -> -2.4502969e-16 | L94: =IF($Q$92=$L$3,IF(G94=$M$4,DEGREES(2*PI()),2*PI()),"") -> 360
F95: -3.14 | G95: [rad] | H95: =IF($Q$92=$L$3,IF(G95=$M$3,RADIANS(F95),F95),"") -> -3.14 | I95: =IF($Q$92=$L$3,SIN(H95),"") -> -0.0015926529 | J95: =IF($Q$92=$L$3,COS(H95),"") -> -0.99999873 | K95: =IF($Q$92=$L$3,TAN(H95),"") -> 0.0015926549 | L95: =IF($Q$92=$L$3,IF(G95=$M$4,DEGREES(F95),F95),"") -> -179.90875
F96: -30 | G96: [°] | H96: =IF($Q$92=$L$3,IF(G96=$M$3,RADIANS(F96),F96),"") -> -0.52359878 | I96: =IF($Q$92=$L$3,SIN(H96),"") -> -0.5 | J96: =IF($Q$92=$L$3,COS(H96),"") -> 0.8660254 | K96: =IF($Q$92=$L$3,TAN(H96),"") -> -0.57735027 | L96: =IF($Q$92=$L$3,IF(G96=$M$4,DEGREES(F96),F96),"") -> -30
H100: α [°] | I100: α [rad]
F101: sin(α) = | G101: 0.25 | H101: =IF($Q$92=$L$3,DEGREES(ASIN(G101)),"") -> 14.477512 | I101: =IF($Q$92=$L$3,ASIN(G101),"") -> 0.25268026
F102: sin(α) = | G102: -0.5 | H102: =IF($Q$92=$L$3,DEGREES(ASIN(G102)),"") -> -30 | I102: =IF($Q$92=$L$3,ASIN(G102),"") -> -0.52359878
F103: cos(α) = | G103: -0.5 | H103: =IF($Q$92=$L$3,DEGREES(ACOS(G103)),"") -> 120 | I103: =IF($Q$92=$L$3,ACOS(G103),"") -> 2.0943951
F104: cos(α) = | G104: =1/SQRT(2) -> 0.70710678 | H104: =IF($Q$92=$L$3,DEGREES(ACOS(G104)),"") -> 45 | I104: =IF($Q$92=$L$3,ACOS(G104),"") -> 0.78539816
F105: tan(α) = | G105: 50 | H105: =IF($Q$92=$L$3,DEGREES(ATAN(G105)),"") -> 88.854237 | I105: =IF($Q$92=$L$3,ATAN(G105),"") -> 1.550799
F106: tan(α) = | G106: 0.25 | H106: =IF($Q$92=$L$3,DEGREES(ATAN(G106)),"") -> 14.036243 | I106: =IF($Q$92=$L$3,ATAN(G106),"") -> 0.24497866
F110: Berechnung Momentanwert: | I110: y(t) = A * sin(2 * π * f * t)
F111: Amplitude A: | G111: 5 | H111: c | I111: m | J111: =G111*VLOOKUP(H111, CHOOSE({1,2,3,4}, Einheitenvorsätze!A:A, Einheitenvorsätze!B:B, Einheitenvorsätze!C:C, Einheitenvorsätze!D:D), 3, FALSE) -> 0.05 | K111: =I111 -> m | L111: =_xlfn.CONCAT(G111," * ",VLOOKUP(H111, CHOOSE({1,2,3,4}, Einheitenvorsätze!A:A, Einheitenvorsätze!B:B, Einheitenvorsätze!C:C, Einheitenvorsätze!D:D), 4, FALSE),I111) -> 5 * 10⁻²m
F112: Frequenz f: | G112: 0.6 | H112: – | I112: Hz | J112: =G112*VLOOKUP(H112, CHOOSE({1,2,3,4}, Einheitenvorsätze!A:A, Einheitenvorsätze!B:B, Einheitenvorsätze!C:C, Einheitenvorsätze!D:D), 3, FALSE) -> 0.6 | K112: =I112 -> Hz | L112: =_xlfn.CONCAT(G112," * ",VLOOKUP(H112, CHOOSE({1,2,3,4}, Einheitenvorsätze!A:A, Einheitenvorsätze!B:B, Einheitenvorsätze!C:C, Einheitenvorsätze!D:D), 4, FALSE),I112) -> 0.6 * 10⁰Hz
F113: Zeit t: | G113: 6.2 | H113: – | I113: s | J113: =G113*VLOOKUP(H113, CHOOSE({1,2,3,4}, Einheitenvorsätze!A:A, Einheitenvorsätze!B:B, Einheitenvorsätze!C:C, Einheitenvorsätze!D:D), 3, FALSE) -> 6.2 | K113: =I113 -> s | L113: =_xlfn.CONCAT(G113," * ",VLOOKUP(H113, CHOOSE({1,2,3,4}, Einheitenvorsätze!A:A, Einheitenvorsätze!B:B, Einheitenvorsätze!C:C, Einheitenvorsätze!D:D), 4, FALSE),I113) -> 6.2 * 10⁰s
F116: =_xlfn.CONCAT("y(",$L$113,") = ") -> y(6.2 * 10⁰s) = | G116: =_xlfn.CONCAT(L111, " * sin(2",Einheitenvorsätze!$C$53," * ",L112," * ",L113,")") -> 5 * 10⁻²m * sin(2π * 0.6 * 10⁰Hz * 6.2 * 10⁰s)
F117: =_xlfn.CONCAT("y(",$L$113,") = ") -> y(6.2 * 10⁰s) = | G117: =_xlfn.CONCAT(J111, " * sin(2",Einheitenvorsätze!$C$53," * ",J112," * ",J113,")",I111) -> 0.05 * sin(2π * 0.6 * 6.2)m
F118: =_xlfn.CONCAT("y(",$L$113,") = ") -> y(6.2 * 10⁰s) = | G118: =J111*SIN(MOD(2*PI()*J112*J113,2*PI())) -> -0.049114363 | H118: =I111 -> m
D124: Gemessene Spannung | F124: Effektiv-Wert Ueff = | G124: 230 | H124: k | I124: V | J124: =VLOOKUP(H124, CHOOSE({1,2,3,4,5}, Einheitenvorsätze!A:A, Einheitenvorsätze!B:B, Einheitenvorsätze!C:C, Einheitenvorsätze!D:D, Einheitenvorsätze!E:E), 5, FALSE) -> 3 | K124: =G124*VLOOKUP(H124, CHOOSE({1,2,3,4}, Einheitenvorsätze!A:A, Einheitenvorsätze!B:B, Einheitenvorsätze!C:C, Einheitenvorsätze!D:D), 3, FALSE) -> 230000 | M124: =_xlfn.CONCAT(G124," * ",VLOOKUP(H124, CHOOSE({1,2,3,4}, Einheitenvorsätze!A:A, Einheitenvorsätze!B:B, Einheitenvorsätze!C:C, Einheitenvorsätze!D:D), 4, FALSE),I124) -> 230 * 10³V
F125: Frequenz f = | G125: 50 | H125: – | I125: Hz | J125: =VLOOKUP(H125, CHOOSE({1,2,3,4,5}, Einheitenvorsätze!A:A, Einheitenvorsätze!B:B, Einheitenvorsätze!C:C, Einheitenvorsätze!D:D, Einheitenvorsätze!E:E), 5, FALSE) -> 0 | K125: =G125*VLOOKUP(H125, CHOOSE({1,2,3,4}, Einheitenvorsätze!A:A, Einheitenvorsätze!B:B, Einheitenvorsätze!C:C, Einheitenvorsätze!D:D), 3, FALSE) -> 50 | M125: =_xlfn.CONCAT(G125," * ",VLOOKUP(H125, CHOOSE({1,2,3,4}, Einheitenvorsätze!A:A, Einheitenvorsätze!B:B, Einheitenvorsätze!C:C, Einheitenvorsätze!D:D), 4, FALSE),I125) -> 50 * 10⁰Hz
F126: Ausbreitunbgsgeschwindigkeit v = | G126: =300*10^3 -> 300000 | H126: k | I126: m/s | J126: =VLOOKUP(H126, CHOOSE({1,2,3,4,5}, Einheitenvorsätze!A:A, Einheitenvorsätze!B:B, Einheitenvorsätze!C:C, Einheitenvorsätze!D:D, Einheitenvorsätze!E:E), 5, FALSE) -> 3 | K126: =G126*VLOOKUP(H126, CHOOSE({1,2,3,4}, Einheitenvorsätze!A:A, Einheitenvorsätze!B:B, Einheitenvorsätze!C:C, Einheitenvorsätze!D:D), 3, FALSE) -> 300000000 | M126: =_xlfn.CONCAT(G126," * ",VLOOKUP(H126, CHOOSE({1,2,3,4}, Einheitenvorsätze!A:A, Einheitenvorsätze!B:B, Einheitenvorsätze!C:C, Einheitenvorsätze!D:D), 4, FALSE),I126) -> 300000 * 10³m/s
E127: Zeit t = | G127: 20 | H127: m | I127: s | J127: =VLOOKUP(H127, CHOOSE({1,2,3,4,5}, Einheitenvorsätze!A:A, Einheitenvorsätze!B:B, Einheitenvorsätze!C:C, Einheitenvorsätze!D:D, Einheitenvorsätze!E:E), 5, FALSE) -> -3 | K127: =G127*VLOOKUP(H127, CHOOSE({1,2,3,4}, Einheitenvorsätze!A:A, Einheitenvorsätze!B:B, Einheitenvorsätze!C:C, Einheitenvorsätze!D:D), 3, FALSE) -> 0.02 | M127: =_xlfn.CONCAT(G127," * ",VLOOKUP(H127, CHOOSE({1,2,3,4}, Einheitenvorsätze!A:A, Einheitenvorsätze!B:B, Einheitenvorsätze!C:C, Einheitenvorsätze!D:D), 4, FALSE),I127) -> 20 * 10⁻³s
D128: Û = Ueff * wurzel(2) | E128: Spitzenwert = | G128: =(G124*10^J124*SQRT(2))/10^J128 -> 325.26912 | H128: k | I128: =I124 -> V | J128: =VLOOKUP(H128, CHOOSE({1,2,3,4,5}, Einheitenvorsätze!A:A, Einheitenvorsätze!B:B, Einheitenvorsätze!C:C, Einheitenvorsätze!D:D, Einheitenvorsätze!E:E), 5, FALSE) -> 3 | K128: =G128*VLOOKUP(H128, CHOOSE({1,2,3,4}, Einheitenvorsätze!A:A, Einheitenvorsätze!B:B, Einheitenvorsätze!C:C, Einheitenvorsätze!D:D), 3, FALSE) -> 325269.12 | M128: =_xlfn.CONCAT(G128," * ",VLOOKUP(H128, CHOOSE({1,2,3,4}, Einheitenvorsätze!A:A, Einheitenvorsätze!B:B, Einheitenvorsätze!C:C, Einheitenvorsätze!D:D), 4, FALSE),I128) -> 325.269119345812 * 10³V
D129: T = 1/f | E129: Periodendatuer = | G129: =(1/(G125 * 10^J125))/10^J129 -> 0.02 | H129: – | I129: s | J129: =VLOOKUP(H129, CHOOSE({1,2,3,4,5}, Einheitenvorsätze!A:A, Einheitenvorsätze!B:B, Einheitenvorsätze!C:C, Einheitenvorsätze!D:D, Einheitenvorsätze!E:E), 5, FALSE) -> 0
D130: ω = 2 * π * f | E130: Kreisfrequenz = | G130: =(2*PI()*G125*10^J125)/10^J130 -> 314.15927 | H130: – | I130: s-1 | J130: =VLOOKUP(H130, CHOOSE({1,2,3,4,5}, Einheitenvorsätze!A:A, Einheitenvorsätze!B:B, Einheitenvorsätze!C:C, Einheitenvorsätze!D:D, Einheitenvorsätze!E:E), 5, FALSE) -> 0
D131: λ = v * T | E131: Wellenlänge = | G131: =G126*10^J126*G129*10^J129/10^J131 -> 6000 | H131: k | I131: m | J131: =VLOOKUP(H131, CHOOSE({1,2,3,4,5}, Einheitenvorsätze!A:A, Einheitenvorsätze!B:B, Einheitenvorsätze!C:C, Einheitenvorsätze!D:D, Einheitenvorsätze!E:E), 5, FALSE) -> 3
D132: u(t) = Û * sin(2 * π * f * t) | E132: Momentanwert = | G132: =(G128*10^J128)*SIN(2 * PI()*G125*10^J125*G127*10^J127)/10^J132 -> 2.0919642e-13 | H132: k | I132: =I124 -> V | J132: =VLOOKUP(H132, CHOOSE({1,2,3,4,5}, Einheitenvorsätze!A:A, Einheitenvorsätze!B:B, Einheitenvorsätze!C:C, Einheitenvorsätze!D:D, Einheitenvorsätze!E:E), 5, FALSE) -> 3

Sheet Sinuskurve
C2: Sinus-Kurve
L3: Ja | M3: [°] | N3: Show
L4: Nein | M4: [rad] | N4: Hide
H8: Increment: | J8: 10
H9: =_xlfn.CONCAT("Winkel ",Einheitenvorsätze!C38," [°]") -> Winkel α [°] | J9: 10 | K9: =J9+$J$8 -> 20 | L9: =K9+$J$8 -> 30 | M9: =L9+$J$8 -> 40 | N9: =M9+$J$8 -> 50 | O9: =N9+$J$8 -> 60 | P9: =O9+$J$8 -> 70 | Q9: =P9+$J$8 -> 80 | R9: =Q9+$J$8 -> 90 | ... AX9: =AW9+$J$8 -> 410
H10: =_xlfn.CONCAT("Winkel ",Einheitenvorsätze!C38," [rad]") -> Winkel α [rad] | J10: =PI()*J9/180 -> 0.17453293 | K10: =PI()*K9/180 -> 0.34906585 | L10: =PI()*L9/180 -> 0.52359878 | M10: =PI()*M9/180 -> 0.6981317 | N10: =PI()*N9/180 -> 0.87266463 | O10: =PI()*O9/180 -> 1.0471976 | P10: =PI()*P9/180 -> 1.2217305 | Q10: =PI()*Q9/180 -> 1.3962634 | ... AX10: =PI()*AX9/180 -> 7.1558499
H11: x-Achse in | I11: [°] | J11: =IF($I$11=$M$3,J9,J10) -> 10 | K11: =IF($I$11=$M$3,K9,K10) -> 20 | L11: =IF($I$11=$M$3,L9,L10) -> 30 | M11: =IF($I$11=$M$3,M9,M10) -> 40 | N11: =IF($I$11=$M$3,N9,N10) -> 50 | O11: =IF($I$11=$M$3,O9,O10) -> 60 | P11: =IF($I$11=$M$3,P9,P10) -> 70 | Q11: =IF($I$11=$M$3,Q9,Q10) -> 80 | ... AX11: =IF($I$11=$M$3,AX9,AX10) -> 410
B12: Amplitude | C12: =Einheitenvorsätze!C58 -> φ | D12: Winkelmass | E12: Winkelmass [rad] | F12: Winkelmass [°] | G12: Perioden pro 360° | H12: =_xlfn.CONCAT("y1 = sin(",Einheitenvorsätze!C38,")") -> y1 = sin(α) | I12: Show | J12: =IF($I$12=$N$3,SIN(J10),0) -> 0.17364818 | K12: =IF($I$12=$N$3,SIN(K10),0) -> 0.34202014 | L12: =IF($I$12=$N$3,SIN(L10),0) -> 0.5 | M12: =IF($I$12=$N$3,SIN(M10),0) -> 0.64278761 | N12: =IF($I$12=$N$3,SIN(N10),0) -> 0.76604444 | O12: =IF($I$12=$N$3,SIN(O10),0) -> 0.8660254 | P12: =IF($I$12=$N$3,SIN(P10),0) -> 0.93969262 | Q12: =IF($I$12=$N$3,SIN(Q10),0) -> 0.98480775 | ... AX12: =IF($I$12=$N$3,SIN(AX10),0) -> 0.76604444
B13: 5 | C13: 90 | D13: [°] | E13: =IF($D$13=$M$4,C13,RADIANS(C13)) -> 1.5707963 | F13: =DEGREES(E13) -> 90 | G13: 3 | H13: =_xlfn.CONCAT("y2 = ",B13," * sin(",$G$13," * ",Einheitenvorsätze!C38," + ",_xlfn.CONCAT($C$13,MID($D$13,2,LEN($D$13)-2)),")") -> y2 = 5 * sin(3 * α + 90°) | I13: Show | J13: =IF($I$13=$N$3,$B$13*SIN($G$13*J10+$E$13),0) -> 4.330127 | K13: =IF($I$13=$N$3,$B$13*SIN($G$13*K10+$E$13),0) -> 2.5 | L13: =IF($I$13=$N$3,$B$13*SIN($G$13*L10+$E$13),0) -> 6.1257423e-16 | M13: =IF($I$13=$N$3,$B$13*SIN($G$13*M10+$E$13),0) -> -2.5 | N13: =IF($I$13=$N$3,$B$13*SIN($G$13*N10+$E$13),0) -> -4.330127 | O13: =IF($I$13=$N$3,$B$13*SIN($G$13*O10+$E$13),0) -> -5 | P13: =IF($I$13=$N$3,$B$13*SIN($G$13*P10+$E$13),0) -> -4.330127 | Q13: =IF($I$13=$N$3,$B$13*SIN($G$13*Q10+$E$13),0) -> -2.5 | ... AX13: =IF($I$13=$N$3,$B$13*SIN($G$13*AX10+$E$13),0) -> -4.330127
B14: Messwert: | C14: 80 | D14: [°] | E14: =IF($D$13=$M$4,C14,RADIANS(C14)) -> 1.3962634 | F14: =DEGREES(E14) -> 80 | G14: =IF($I$12=$N$3,SIN(E14),0) -> 0.98480775
G15: =IF($I$13=$N$3,$B$13*SIN($G$13*$E$14+$E$13),0) -> -2.5
H22: Vektor-Diagramm
D23: =B14 -> Messwert: | E23: =$F$14 -> 80 | F23: =E23 -> 80 | H23: =H12 -> y1 = sin(α) | I23: 0 | J23: =IF($I$12=$N$3,G14*COS(E14),0) -> 0.17101007
E24: =MIN($G$14:$G$15) -> -2.5 | F24: =MAX($G$14:$G$15) -> 0.98480775 | I24: 0 | J24: =IF($I$12=$N$3,G14*SIN(E14),0) -> 0.96984631
H25: =H13 -> y2 = 5 * sin(3 * α + 90°) | I25: 0 | J25: =IF($I$12=$N$3,G15*COS(E14),0) -> -0.43412044
D26: X-Achse: | E26: =$J$11 -> 10 | F26: =1.05*$AX$11 -> 430.5 | I26: 0 | J26: =IF($I$12=$N$3,G15*SIN(E14),0) -> -2.4620194
E27: 0 | F27: 0
D29: Y-Achse: | E29: =$J$11 -> 10 | F29: =E29 -> 10 | H29: =D26 -> X-Achse:
E30: =MIN($J$12:$AX$13) -> -5 | F30: =1.05*MAX($J$12:$AX$13) -> 5.25
H32: =D29 -> Y-Achse:

Sheet Vektoroperationen
C2: Vektoroperationen | R2: Operation | S2: Winkel-Einheiten | T2: Eingabeformat | V2: Min/Max | Y2: Skala
R3: + | S3: ° | T3: Kartesisch | V3: =MIN(K14:L20) -> -210 | W3: =MAX(K14:L20) -> 363.73067 | Y3: x-Achse | Z3: 0 | AA3: =W5 -> 400.10374 | AB3: 0 | AC3: 0
R4: - | S4: rad | T4: Polar [rad] | V4: =ABS(V3) -> 210 | W4: =ABS(W3) -> 363.73067 | Y4: y-Achse | Z4: 0 | AA4: 0 | AB4: 0 | AC4: =AA3 -> 400.10374
R5: * | S5: Grösse | T5: Polar [°] | V5: =MAX(V4:W4) -> 363.73067 | W5: =V5*1.1 -> 400.10374
R6: Hide | T6: Unbekannt
R7: Show
C12: Eingabe | I12: Zwischenresultat | K12: Kartesisch | M12: Polar | P12: Graph | T12: Resultierende
C13: Bezeichnung | D13: V1 Wert | E13: V1 Einheit | F13: V2 Wert | G13: V2 Einheit | H13: Operation | I13: Eingabeformat | J13: Winkel [rad] | K13: Realteil x | L13: Imaginärteil y | M13: Betrag | N13: Winkel [°] | O13: Winkel [rad] | P13: x1 | Q13: x2 | R13: y1 | S13: y2 | T13: x1 | U13: x2 | V13: y1 | W13: y2
C14: F1 | D14: 420 | E14: Grösse | F14: -30 | G14: ° | I14: =IF(AND(E14=$S$5,G14=$S$5),$T$3,IF(AND(E14=$S$5,G14=$S$4),$T$4,IF(AND(E14=$S$5,G14=$S$3),$T$5,$T$6))) -> Polar [°] | J14: =IF(I14=$T$5,F14*PI()/180,IF(I14=$T$4,F14,"")) -> -0.52359878 | K14: =IF(I14=$T$3,D14,D14*COS(J14)) -> 363.73067 | L14: =IF(I14=$T$3,F14,D14*SIN(J14)) -> -210 | M14: =SQRT(K14^2 + L14^2) -> 420 | N14: =DEGREES(ATAN2(K14,L14)) -> -30 | O14: =ATAN2(K14,L14) -> -0.52359878 | P14: 0 | Q14: =K14 -> 363.73067 | R14: 0 | S14: =L14 -> -210
C15: F2 | D15: 150 | E15: Grösse | F15: 4 | G15: rad | H15: + | I15: =IF(AND(E15=$S$5,G15=$S$5),$T$3,IF(AND(E15=$S$5,G15=$S$4),$T$4,IF(AND(E15=$S$5,G15=$S$3),$T$5,$T$6))) -> Polar [rad] | J15: =IF(I15=$T$5,F15*PI()/180,IF(I15=$T$4,F15,"")) -> 4 | K15: =IF(I15=$T$3,D15,D15*COS(J15)) -> -98.046543 | L15: =IF(I15=$T$3,F15,D15*SIN(J15)) -> -113.52037 | M15: =SQRT(K15^2 + L15^2) -> 150 | N15: =DEGREES(ATAN2(K15,L15)) -> -130.81688 | O15: =ATAN2(K15,L15) -> -2.2831853 | P15: =IF(H15=$R$6,0,IF(H15=$R$3,Q14,0)) -> 363.73067 | Q15: =IF(H15=$R$6,0,IF(H15=$R$3,K15+Q14,K15)) -> 265.68413 | R15: =IF(H15=$R$6,0,IF(H15=$R$3,S14,0)) -> -210 | S15: =IF(H15=$R$6,0,IF(H15=$R$3,S14+L15,L15)) -> -323.52037 | T15: 0 | U15: 0 | V15: =IF(P15<>0,Q15,0) -> 265.68413 | W15: =IF(R15<>0,S15,0) -> -323.52037
C16: F3 | D16: 200 | E16: Grösse | F16: 3.1415 | G16: rad | H16: + | I16: =IF(AND(E16=$S$5,G16=$S$5),$T$3,IF(AND(E16=$S$5,G16=$S$4),$T$4,IF(AND(E16=$S$5,G16=$S$3),$T$5,$T$6))) -> Polar [rad] | J16: =IF(I16=$T$5,F16*PI()/180,IF(I16=$T$4,F16,"")) -> 3.1415 | K16: =IF(I16=$T$3,D16,D16*COS(J16)) -> -200 | L16: =IF(I16=$T$3,F16,D16*SIN(J16)) -> 0.018530718 | M16: =SQRT(K16^2 + L16^2) -> 200 | N16: =DEGREES(ATAN2(K16,L16)) -> 179.99469 | O16: =ATAN2(K16,L16) -> 3.1415 | P16: =IF(H16=$R$6,0,IF(H16=$R$3,Q15,0)) -> 265.68413 | Q16: =IF(H16=$R$6,0,IF(H16=$R$3,K16+Q15,K16)) -> 65.684127 | R16: =IF(H16=$R$6,0,IF(H16=$R$3,S15,0)) -> -323.52037 | S16: =IF(H16=$R$6,0,IF(H16=$R$3,S15+L16,L16)) -> -323.50184 | T16: 0 | U16: 0 | V16: =IF(P16<>0,Q16,0) -> 65.684127 | W16: =IF(R16<>0,S16,0) -> -323.50184
C17: F4 | D17: 0 | E17: Grösse | F17: 100 | G17: Grösse | H17: + | I17: =IF(AND(E17=$S$5,G17=$S$5),$T$3,IF(AND(E17=$S$5,G17=$S$4),$T$4,IF(AND(E17=$S$5,G17=$S$3),$T$5,$T$6))) -> Kartesisch | J17: =IF(I17=$T$5,F17*PI()/180,IF(I17=$T$4,F17,"")) | K17: =IF(I17=$T$3,D17,D17*COS(J17)) -> 0 | L17: =IF(I17=$T$3,F17,D17*SIN(J17)) -> 100 | M17: =SQRT(K17^2 + L17^2) -> 100 | N17: =DEGREES(ATAN2(K17,L17)) -> 90 | O17: =ATAN2(K17,L17) -> 1.5707963 | P17: =IF(H17=$R$6,0,IF(H17=$R$3,Q16,0)) -> 65.684127 | Q17: =IF(H17=$R$6,0,IF(H17=$R$3,K17+Q16,K17)) -> 65.684127 | R17: =IF(H17=$R$6,0,IF(H17=$R$3,S16,0)) -> -323.50184 | S17: =IF(H17=$R$6,0,IF(H17=$R$3,S16+L17,L17)) -> -223.50184 | T17: 0 | U17: 0 | V17: =IF(P17<>0,Q17,0) -> 65.684127 | W17: =IF(R17<>0,S17,0) -> -223.50184
C18: F5 | D18: 20 | E18: Grösse | F18: 100 | G18: ° | H18: Hide | I18: =IF(AND(E18=$S$5,G18=$S$5),$T$3,IF(AND(E18=$S$5,G18=$S$4),$T$4,IF(AND(E18=$S$5,G18=$S$3),$T$5,$T$6))) -> Polar [°] | J18: =IF(I18=$T$5,F18*PI()/180,IF(I18=$T$4,F18,"")) -> 1.7453293 | K18: =IF(I18=$T$3,D18,D18*COS(J18)) -> -3.4729636 | L18: =IF(I18=$T$3,F18,D18*SIN(J18)) -> 19.696155 | M18: =SQRT(K18^2 + L18^2) -> 20 | N18: =DEGREES(ATAN2(K18,L18)) -> 100 | O18: =ATAN2(K18,L18) -> 1.7453293 | P18: =IF(H18=$R$6,0,IF(H18=$R$3,Q17,0)) -> 0 | Q18: =IF(H18=$R$6,0,IF(H18=$R$3,K18+Q17,K18)) -> 0 | R18: =IF(H18=$R$6,0,IF(H18=$R$3,S17,0)) -> 0 | S18: =IF(H18=$R$6,0,IF(H18=$R$3,S17+L18,L18)) -> 0 | T18: 0 | U18: 0 | V18: =IF(P18<>0,Q18,0) -> 0 | W18: =IF(R18<>0,S18,0) -> 0
C19: F6 | D19: 20 | E19: Grösse | F19: 180 | G19: ° | H19: Hide | I19: =IF(AND(E19=$S$5,G19=$S$5),$T$3,IF(AND(E19=$S$5,G19=$S$4),$T$4,IF(AND(E19=$S$5,G19=$S$3),$T$5,$T$6))) -> Polar [°] | J19: =IF(I19=$T$5,F19*PI()/180,IF(I19=$T$4,F19,"")) -> 3.1415927 | K19: =IF(I19=$T$3,D19,D19*COS(J19)) -> -20 | L19: =IF(I19=$T$3,F19,D19*SIN(J19)) -> 2.4502969e-15 | M19: =SQRT(K19^2 + L19^2) -> 20 | N19: =DEGREES(ATAN2(K19,L19)) -> 180 | O19: =ATAN2(K19,L19) -> 3.1415927 | P19: =IF(H19=$R$6,0,IF(H19=$R$3,Q18,0)) -> 0 | Q19: =IF(H19=$R$6,0,IF(H19=$R$3,K19+Q18,K19)) -> 0 | R19: =IF(H19=$R$6,0,IF(H19=$R$3,S18,0)) -> 0 | S19: =IF(H19=$R$6,0,IF(H19=$R$3,S18+L19,L19)) -> 0 | T19: 0 | U19: 0 | V19: =IF(P19<>0,Q19,0) -> 0 | W19: =IF(R19<>0,S19,0) -> 0
C20: F7 | D20: 20 | E20: Grösse | F20: 6.5 | G20: rad | H20: Hide | I20: =IF(AND(E20=$S$5,G20=$S$5),$T$3,IF(AND(E20=$S$5,G20=$S$4),$T$4,IF(AND(E20=$S$5,G20=$S$3),$T$5,$T$6))) -> Polar [rad] | J20: =IF(I20=$T$5,F20*PI()/180,IF(I20=$T$4,F20,"")) -> 6.5 | K20: =IF(I20=$T$3,D20,D20*COS(J20)) -> 19.531753 | L20: =IF(I20=$T$3,F20,D20*SIN(J20)) -> 4.3023998 | M20: =SQRT(K20^2 + L20^2) -> 20 | N20: =DEGREES(ATAN2(K20,L20)) -> 12.422567 | O20: =ATAN2(K20,L20) -> 0.21681469 | P20: =IF(H20=$R$6,0,IF(H20=$R$3,Q19,0)) -> 0 | Q20: =IF(H20=$R$6,0,IF(H20=$R$3,K20+Q19,K20)) -> 0 | R20: =IF(H20=$R$6,0,IF(H20=$R$3,S19,0)) -> 0 | S20: =IF(H20=$R$6,0,IF(H20=$R$3,S19+L20,L20)) -> 0 | T20: 0 | U20: 0 | V20: =IF(P20<>0,Q20,0) -> 0 | W20: =IF(R20<>0,S20,0) -> 0

Sheet VektorZeitbereich
C2: Sinusförmige Signale im Zeitbereich / Vektoren
C5: Winkel-Umrechnungen | M5: Winkelmasse
C6: 180 | D6: =M6 -> ° | E6: ==> | F6: =PI()*C6/180 -> 3.1415927 | G6: =M7 -> rad | M6: °
C7: 4 | D7: =M7 -> rad | E7: ==> | F7: =180*C7/PI() -> 229.18312 | G7: =M6 -> ° | M7: rad
C8: 180 | D8: ° | E8: ==> | F8: =IF(D8=M7,C8,IF(D8=M6,C8*PI()/180,"Unknown")) -> 3.1415927 | G8: =M7 -> rad
B13: Vektor Definition (Umrechnen von Polar- zu kartesischen Koordinaten) | L13: Wertetabelle für Grafik | Q13: Skala
B14: Bezeichnung | C14: Betrag | D14: Winkel | E14: Winkelmass | F14: Winkel | G14: Winkelmass | H14: x | I14: y | L14: x1 | M14: x2 | N14: y1 | O14: y2 | Q14: max(abs())
B15: V1 | C15: 3 | D15: 90 | E15: ° | F15: =IF(E15=M7,D15,IF(D8=M6,D15*PI()/180,"Unknown")) -> 1.5707963 | G15: =M7 -> rad | H15: =C15*COS(F15) -> 1.8377227e-16 | I15: =C15*SIN(F15) -> 3 | L15: 0 | M15: =H15 -> 1.8377227e-16 | N15: 0 | O15: =I15 -> 3 | Q15: =MAX(ABS(O15),ABS(M16),ABS(O16),ABS(M15),ABS(M17),ABS(O17)) -> 8 | R15: =Q16 -> 8.8 | S15: 0 | T15: =-R15 -> -8.8 | U15: 0
B16: V2 | C16: =SQRT(H16^2+I16^2) -> 6.4031242 | D16: =F16*180/PI() -> 128.65981 | E16: =M6 -> ° | F16: =ATAN2(H16,I16) -> 2.2455373 | G16: =M7 -> rad | H16: -4 | I16: 5 | L16: 0 | M16: =H16 -> -4 | N16: 0 | O16: =I16 -> 5 | Q16: =Q15*1.1 -> 8.8 | R16: 0 | S16: =R15 -> 8.8 | T16: 0 | U16: =T15 -> -8.8
B17: V1 + V2 | C17: =SQRT(H17^2+I17^2) -> 8.9442719 | D17: =F17*180/PI() -> 116.56505 | E17: =E16 -> ° | F17: =ATAN2(H17,I17) -> 2.0344439 | G17: =G16 -> rad | H17: =H16+H15 -> -4 | I17: =I16+I15 -> 8 | L17: 0 | M17: =H17 -> -4 | N17: 0 | O17: =I17 -> 8
B18: V1 * V2 | C18: =C16*C15 -> 19.209373 | D18: =D16+D15 -> 218.65981 | E18: =E17 -> ° | F18: =F15+F16 -> 3.8163336 | G18: =G17 -> rad | H18: =C18*COS(F18) -> -15 | I18: =C18*SIN(F18) -> -12
L21: Winkel [°] | M21: 0 | N21: =M21+10 -> 10 | O21: =N21+10 -> 20 | P21: =O21+10 -> 30 | Q21: =P21+10 -> 40 | R21: =Q21+10 -> 50 | S21: =R21+10 -> 60 | T21: =S21+10 -> 70 | U21: =T21+10 -> 80 | ... AW21: =AV21+10 -> 360
L22: Winkel [rad] | M22: =M21*PI()/180 -> 0 | N22: =N21*PI()/180 -> 0.17453293 | O22: =O21*PI()/180 -> 0.34906585 | P22: =P21*PI()/180 -> 0.52359878 | Q22: =Q21*PI()/180 -> 0.6981317 | R22: =R21*PI()/180 -> 0.87266463 | S22: =S21*PI()/180 -> 1.0471976 | T22: =T21*PI()/180 -> 1.2217305 | ... AW22: =AW21*PI()/180 -> 6.2831853
L23: V1 | M23: =$C$15*SIN(M22+$F$15) -> 3 | N23: =$C$15*SIN(N22+$F$15) -> 2.9544233 | O23: =$C$15*SIN(O22+$F$15) -> 2.8190779 | P23: =$C$15*SIN(P22+$F$15) -> 2.5980762 | Q23: =$C$15*SIN(Q22+$F$15) -> 2.2981333 | R23: =$C$15*SIN(R22+$F$15) -> 1.9283628 | S23: =$C$15*SIN(S22+$F$15) -> 1.5 | T23: =$C$15*SIN(T22+$F$15) -> 1.0260604 | ... AW23: =$C$15*SIN(AW22+$F$15) -> 3
L24: V2 | M24: =$C$16*SIN(M22+$F$16) -> 5 | N24: =$C$16*SIN(N22+$F$16) -> 4.2294461 | O24: =$C$16*SIN(O22+$F$16) -> 3.3303825 | P24: =$C$16*SIN(P22+$F$16) -> 2.330127 | Q24: =$C$16*SIN(Q22+$F$16) -> 1.2590718 | R24: =$C$16*SIN(R22+$F$16) -> 0.14976028 | S24: =$C$16*SIN(S22+$F$16) -> -0.96410162 | T24: =$C$16*SIN(T22+$F$16) -> -2.0486698 | ... AW24: =$C$16*SIN(AW22+$F$16) -> 5
L25: V1 + V2 | M25: =M23+M24 -> 8 | N25: =N23+N24 -> 7.1838693 | O25: =O23+O24 -> 6.1494604 | P25: =P23+P24 -> 4.9282032 | Q25: =Q23+Q24 -> 3.5572051 | R25: =R23+R24 -> 2.0781231 | S25: =S23+S24 -> 0.53589838 | T25: =T23+T24 -> -1.0226093 | ... AW25: =AW23+AW24 -> 8
B44: Grüne Felder | D44: Eingabefelder (Winkelmass ist eine Auswahlliste von °, rad)
B45: Gelbe Felder | D45: Mit Formel berechnet
B46: Weisse Felder | D46: Statische Felder

Sheet Geburtstagsliste
C2: =_xlfn.CONCAT("Geburtstagsliste für ",YEAR(J2)) -> Geburtstagsliste für 2026 | I2: Heute: | J2: =NOW() -> 46254.515
A4: Sorter | B4: Geburtsdatum | C4: =_xlfn.CONCAT("Geburtstag im ",YEAR(J2)) -> Geburtstag im 2026 | D4: Nächster Geburtstag | E4: Alter aktuell | F4: Alter in diesem Jahr | G4: Geburtsdatum | H4: Geschlecht | I4: Vorname | J4: Familienname | K4: Already had birthday this year
A5: =_xlfn.CONCAT(TEXT(MONTH(G5),"00"),"_",TEXT(DAY(G5),"00")) -> 01_01 | B5: =_xlfn.CONCAT(TEXT(DAY(G5),"00"),".",TEXT(G5,"MMMM")) -> 01.Januar | C5: =DATE(YEAR($J$2),MONTH(G5),DAY(G5)) -> 46023 | D5: =IF(C5<$J$2,DATE(YEAR($J$2)+1,MONTH(G5),DAY(G5)),DATE(YEAR($J$2),MONTH(G5),DAY(G5))) -> 46388 | E5: =YEAR($J$2) - YEAR(G5) - IF(C5>$J$2,1,0) -> 63 | F5: =YEAR($J$2) - YEAR(G5) -> 63 | G5: 23012 | H5: Frau | I5: Brigitte | J5: Vogt | K5: =IF($J$2<C5,"Noch kein Geburtstag gehabt","Schon Geburtstag gehabt") -> Schon Geburtstag gehabt
A6: =_xlfn.CONCAT(TEXT(MONTH(G6),"00"),"_",TEXT(DAY(G6),"00")) -> 01_02 | B6: =_xlfn.CONCAT(TEXT(DAY(G6),"00"),".",TEXT(G6,"MMMM")) -> 02.Januar | C6: =DATE(YEAR($J$2),MONTH(G6),DAY(G6)) -> 46024 | D6: =IF(C6<$J$2,DATE(YEAR($J$2)+1,MONTH(G6),DAY(G6)),DATE(YEAR($J$2),MONTH(G6),DAY(G6))) -> 46389 | E6: =YEAR($J$2) - YEAR(G6) - IF(C6>$J$2,1,0) -> 39 | F6: =YEAR($J$2) - YEAR(G6) -> 39 | G6: 02.01.1987 | H6: Herr | I6: Dominik | J6: Hüppin | K6: =IF($J$2<C6,"Noch kein Geburtstag gehabt","Schon Geburtstag gehabt") -> Schon Geburtstag gehabt
A7: =_xlfn.CONCAT(TEXT(MONTH(G7),"00"),"_",TEXT(DAY(G7),"00")) -> 01_02 | B7: =_xlfn.CONCAT(TEXT(DAY(G7),"00"),".",TEXT(G7,"MMMM")) -> 02.Januar | C7: =DATE(YEAR($J$2),MONTH(G7),DAY(G7)) -> 46024 | D7: =IF(C7<$J$2,DATE(YEAR($J$2)+1,MONTH(G7),DAY(G7)),DATE(YEAR($J$2),MONTH(G7),DAY(G7))) -> 46389 | E7: =YEAR($J$2) - YEAR(G7) - IF(C7>$J$2,1,0) -> 34 | F7: =YEAR($J$2) - YEAR(G7) -> 34 | G7: 02.01.1992 | H7: Herr | I7: Christian | J7: Bruhin | K7: =IF($J$2<C7,"Noch kein Geburtstag gehabt","Schon Geburtstag gehabt") -> Schon Geburtstag gehabt
A8: =_xlfn.CONCAT(TEXT(MONTH(G8),"00"),"_",TEXT(DAY(G8),"00")) -> 01_06 | B8: =_xlfn.CONCAT(TEXT(DAY(G8),"00"),".",TEXT(G8,"MMMM")) -> 06.Januar | C8: =DATE(YEAR($J$2),MONTH(G8),DAY(G8)) -> 46028 | D8: =IF(C8<$J$2,DATE(YEAR($J$2)+1,MONTH(G8),DAY(G8)),DATE(YEAR($J$2),MONTH(G8),DAY(G8))) -> 46393 | E8: =YEAR($J$2) - YEAR(G8) - IF(C8>$J$2,1,0) -> 38 | F8: =YEAR($J$2) - YEAR(G8) -> 38 | G8: 06.01.1988 | H8: Herr | I8: Daniel | J8: Heiz-Schnellmann | K8: =IF($J$2<C8,"Noch kein Geburtstag gehabt","Schon Geburtstag gehabt") -> Schon Geburtstag gehabt
A9: =_xlfn.CONCAT(TEXT(MONTH(G9),"00"),"_",TEXT(DAY(G9),"00")) -> 01_07 | B9: =_xlfn.CONCAT(TEXT(DAY(G9),"00"),".",TEXT(G9,"MMMM")) -> 07.Januar | C9: =DATE(YEAR($J$2),MONTH(G9),DAY(G9)) -> 46029 | D9: =IF(C9<$J$2,DATE(YEAR($J$2)+1,MONTH(G9),DAY(G9)),DATE(YEAR($J$2),MONTH(G9),DAY(G9))) -> 46394 | E9: =YEAR($J$2) - YEAR(G9) - IF(C9>$J$2,1,0) -> 50 | F9: =YEAR($J$2) - YEAR(G9) -> 50 | G9: 07.01.1976 | H9: Frau | I9: Yvonne | J9: Schnellmann | K9: =IF($J$2<C9,"Noch kein Geburtstag gehabt","Schon Geburtstag gehabt") -> Schon Geburtstag gehabt
A10: =_xlfn.CONCAT(TEXT(MONTH(G10),"00"),"_",TEXT(DAY(G10),"00")) -> 01_09 | B10: =_xlfn.CONCAT(TEXT(DAY(G10),"00"),".",TEXT(G10,"MMMM")) -> 09.Januar | C10: =DATE(YEAR($J$2),MONTH(G10),DAY(G10)) -> 46031 | D10: =IF(C10<$J$2,DATE(YEAR($J$2)+1,MONTH(G10),DAY(G10)),DATE(YEAR($J$2),MONTH(G10),DAY(G10))) -> 46396 | E10: =YEAR($J$2) - YEAR(G10) - IF(C10>$J$2,1,0) -> 61 | F10: =YEAR($J$2) - YEAR(G10) -> 61 | G10: 09.01.1965 | H10: Frau | I10: Rita | J10: Diethelm-Schnellmann | K10: =IF($J$2<C10,"Noch kein Geburtstag gehabt","Schon Geburtstag gehabt") -> Schon Geburtstag gehabt
A11: =_xlfn.CONCAT(TEXT(MONTH(G11),"00"),"_",TEXT(DAY(G11),"00")) -> 01_09 | B11: =_xlfn.CONCAT(TEXT(DAY(G11),"00"),".",TEXT(G11,"MMMM")) -> 09.Januar | C11: =DATE(YEAR($J$2),MONTH(G11),DAY(G11)) -> 46031 | D11: =IF(C11<$J$2,DATE(YEAR($J$2)+1,MONTH(G11),DAY(G11)),DATE(YEAR($J$2),MONTH(G11),DAY(G11))) -> 46396 | E11: =YEAR($J$2) - YEAR(G11) - IF(C11>$J$2,1,0) -> 68 | F11: =YEAR($J$2) - YEAR(G11) -> 68 | G11: 09.01.1958 | H11: Herr | I11: Xaver | J11: Schnellmann | K11: =IF($J$2<C11,"Noch kein Geburtstag gehabt","Schon Geburtstag gehabt") -> Schon Geburtstag gehabt
A12: =_xlfn.CONCAT(TEXT(MONTH(G12),"00"),"_",TEXT(DAY(G12),"00")) -> 01_10 | B12: =_xlfn.CONCAT(TEXT(DAY(G12),"00"),".",TEXT(G12,"MMMM")) -> 10.Januar | C12: =DATE(YEAR($J$2),MONTH(G12),DAY(G12)) -> 46032 | D12: =IF(C12<$J$2,DATE(YEAR($J$2)+1,MONTH(G12),DAY(G12)),DATE(YEAR($J$2),MONTH(G12),DAY(G12))) -> 46397 | E12: =YEAR($J$2) - YEAR(G12) - IF(C12>$J$2,1,0) -> 29 | F12: =YEAR($J$2) - YEAR(G12) -> 29 | G12: 10.01.1997 | H12: Herr | I12: Daniel | J12: Bruhin-Niedermeier | K12: =IF($J$2<C12,"Noch kein Geburtstag gehabt","Schon Geburtstag gehabt") -> Schon Geburtstag gehabt
A13: =_xlfn.CONCAT(TEXT(MONTH(G13),"00"),"_",TEXT(DAY(G13),"00")) -> 01_11 | B13: =_xlfn.CONCAT(TEXT(DAY(G13),"00"),".",TEXT(G13,"MMMM")) -> 11.Januar | C13: =DATE(YEAR($J$2),MONTH(G13),DAY(G13)) -> 46033 | D13: =IF(C13<$J$2,DATE(YEAR($J$2)+1,MONTH(G13),DAY(G13)),DATE(YEAR($J$2),MONTH(G13),DAY(G13))) -> 46398 | E13: =YEAR($J$2) - YEAR(G13) - IF(C13>$J$2,1,0) -> 62 | F13: =YEAR($J$2) - YEAR(G13) -> 62 | G13: 11.01.1964 | H13: Frau | I13: Marlise | J13: Bruhin-Schnellmann | K13: =IF($J$2<C13,"Noch kein Geburtstag gehabt","Schon Geburtstag gehabt") -> Schon Geburtstag gehabt
A14: =_xlfn.CONCAT(TEXT(MONTH(G14),"00"),"_",TEXT(DAY(G14),"00")) -> 01_11 | B14: =_xlfn.CONCAT(TEXT(DAY(G14),"00"),".",TEXT(G14,"MMMM")) -> 11.Januar | C14: =DATE(YEAR($J$2),MONTH(G14),DAY(G14)) -> 46033 | D14: =IF(C14<$J$2,DATE(YEAR($J$2)+1,MONTH(G14),DAY(G14)),DATE(YEAR($J$2),MONTH(G14),DAY(G14))) -> 46398 | E14: =YEAR($J$2) - YEAR(G14) - IF(C14>$J$2,1,0) -> 43 | F14: =YEAR($J$2) - YEAR(G14) -> 43 | G14: 11.01.1983 | H14: Herr | I14: Roman | J14: Müller | K14: =IF($J$2<C14,"Noch kein Geburtstag gehabt","Schon Geburtstag gehabt") -> Schon Geburtstag gehabt
A15: =_xlfn.CONCAT(TEXT(MONTH(G15),"00"),"_",TEXT(DAY(G15),"00")) -> 01_14 | B15: =_xlfn.CONCAT(TEXT(DAY(G15),"00"),".",TEXT(G15,"MMMM")) -> 14.Januar | C15: =DATE(YEAR($J$2),MONTH(G15),DAY(G15)) -> 46036 | D15: =IF(C15<$J$2,DATE(YEAR($J$2)+1,MONTH(G15),DAY(G15)),DATE(YEAR($J$2),MONTH(G15),DAY(G15))) -> 46401 | E15: =YEAR($J$2) - YEAR(G15) - IF(C15>$J$2,1,0) -> 66 | F15: =YEAR($J$2) - YEAR(G15) -> 66 | G15: 14.01.1960 | H15: Herr | I15: Armin | J15: Hüppin-Gyr | K15: =IF($J$2<C15,"Noch kein Geburtstag gehabt","Schon Geburtstag gehabt") -> Schon Geburtstag gehabt
A16: =_xlfn.CONCAT(TEXT(MONTH(G16),"00"),"_",TEXT(DAY(G16),"00")) -> 01_15 | B16: =_xlfn.CONCAT(TEXT(DAY(G16),"00"),".",TEXT(G16,"MMMM")) -> 15.Januar | C16: =DATE(YEAR($J$2),MONTH(G16),DAY(G16)) -> 46037 | D16: =IF(C16<$J$2,DATE(YEAR($J$2)+1,MONTH(G16),DAY(G16)),DATE(YEAR($J$2),MONTH(G16),DAY(G16))) -> 46402 | E16: =YEAR($J$2) - YEAR(G16) - IF(C16>$J$2,1,0) -> 46 | F16: =YEAR($J$2) - YEAR(G16) -> 46 | G16: 15.01.1980 | H16: Herr | I16: Martin | J16: Schnellmann | K16: =IF($J$2<C16,"Noch kein Geburtstag gehabt","Schon Geburtstag gehabt") -> Schon Geburtstag gehabt
A17: =_xlfn.CONCAT(TEXT(MONTH(G17),"00"),"_",TEXT(DAY(G17),"00")) -> 02_09 | B17: =_xlfn.CONCAT(TEXT(DAY(G17),"00"),".",TEXT(G17,"MMMM")) -> 09.Februar | C17: =DATE(YEAR($J$2),MONTH(G17),DAY(G17)) -> 46062 | D17: =IF(C17<$J$2,DATE(YEAR($J$2)+1,MONTH(G17),DAY(G17)),DATE(YEAR($J$2),MONTH(G17),DAY(G17))) -> 46427 | E17: =YEAR($J$2) - YEAR(G17) - IF(C17>$J$2,1,0) -> 81 | F17: =YEAR($J$2) - YEAR(G17) -> 81 | G17: 16477 | H17: Frau | I17: Maria | J17: Mächler-Badat | K17: =IF($J$2<C17,"Noch kein Geburtstag gehabt","Schon Geburtstag gehabt") -> Schon Geburtstag gehabt
A18: =_xlfn.CONCAT(TEXT(MONTH(G18),"00"),"_",TEXT(DAY(G18),"00")) -> 02_14 | B18: =_xlfn.CONCAT(TEXT(DAY(G18),"00"),".",TEXT(G18,"MMMM")) -> 14.Februar | C18: =DATE(YEAR($J$2),MONTH(G18),DAY(G18)) -> 46067 | D18: =IF(C18<$J$2,DATE(YEAR($J$2)+1,MONTH(G18),DAY(G18)),DATE(YEAR($J$2),MONTH(G18),DAY(G18))) -> 46432 | E18: =YEAR($J$2) - YEAR(G18) - IF(C18>$J$2,1,0) -> 53 | F18: =YEAR($J$2) - YEAR(G18) -> 53 | G18: 26709 | H18: Herr | I18: Farit | J18: Schättin | K18: =IF($J$2<C18,"Noch kein Geburtstag gehabt","Schon Geburtstag gehabt") -> Schon Geburtstag gehabt
A19: =_xlfn.CONCAT(TEXT(MONTH(G19),"00"),"_",TEXT(DAY(G19),"00")) -> 03_02 | B19: =_xlfn.CONCAT(TEXT(DAY(G19),"00"),".",TEXT(G19,"MMMM")) -> 02.März | C19: =DATE(YEAR($J$2),MONTH(G19),DAY(G19)) -> 46083 | D19: =IF(C19<$J$2,DATE(YEAR($J$2)+1,MONTH(G19),DAY(G19)),DATE(YEAR($J$2),MONTH(G19),DAY(G19))) -> 46448 | E19: =YEAR($J$2) - YEAR(G19) - IF(C19>$J$2,1,0) -> 67 | F19: =YEAR($J$2) - YEAR(G19) -> 67 | G19: 21611 | H19: Herr | I19: Werner | J19: Bruhin | K19: =IF($J$2<C19,"Noch kein Geburtstag gehabt","Schon Geburtstag gehabt") -> Schon Geburtstag gehabt
A20: =_xlfn.CONCAT(TEXT(MONTH(G20),"00"),"_",TEXT(DAY(G20),"00")) -> 03_02 | B20: =_xlfn.CONCAT(TEXT(DAY(G20),"00"),".",TEXT(G20,"MMMM")) -> 02.März | C20: =DATE(YEAR($J$2),MONTH(G20),DAY(G20)) -> 46083 | D20: =IF(C20<$J$2,DATE(YEAR($J$2)+1,MONTH(G20),DAY(G20)),DATE(YEAR($J$2),MONTH(G20),DAY(G20))) -> 46448 | E20: =YEAR($J$2) - YEAR(G20) - IF(C20>$J$2,1,0) -> 32 | F20: =YEAR($J$2) - YEAR(G20) -> 32 | G20: 34395 | H20: Frau | I20: Nadja | J20: Bruhin | K20: =IF($J$2<C20,"Noch kein Geburtstag gehabt","Schon Geburtstag gehabt") -> Schon Geburtstag gehabt
A21: =_xlfn.CONCAT(TEXT(MONTH(G21),"00"),"_",TEXT(DAY(G21),"00")) -> 04_10 | B21: =_xlfn.CONCAT(TEXT(DAY(G21),"00"),".",TEXT(G21,"MMMM")) -> 10.April | C21: =DATE(YEAR($J$2),MONTH(G21),DAY(G21)) -> 46122 | D21: =IF(C21<$J$2,DATE(YEAR($J$2)+1,MONTH(G21),DAY(G21)),DATE(YEAR($J$2),MONTH(G21),DAY(G21))) -> 46487 | E21: =YEAR($J$2) - YEAR(G21) - IF(C21>$J$2,1,0) -> 26 | F21: =YEAR($J$2) - YEAR(G21) -> 26 | G21: 36626 | H21: Herr | I21: Hans | J21: Brändle-Schnellmann | K21: =IF($J$2<C21,"Noch kein Geburtstag gehabt","Schon Geburtstag gehabt") -> Schon Geburtstag gehabt
A22: =_xlfn.CONCAT(TEXT(MONTH(G22),"00"),"_",TEXT(DAY(G22),"00")) -> 07_12 | B22: =_xlfn.CONCAT(TEXT(DAY(G22),"00"),".",TEXT(G22,"MMMM")) -> 12.Juli | C22: =DATE(YEAR($J$2),MONTH(G22),DAY(G22)) -> 46215 | D22: =IF(C22<$J$2,DATE(YEAR($J$2)+1,MONTH(G22),DAY(G22)),DATE(YEAR($J$2),MONTH(G22),DAY(G22))) -> 46580 | E22: =YEAR($J$2) - YEAR(G22) - IF(C22>$J$2,1,0) -> 52 | F22: =YEAR($J$2) - YEAR(G22) -> 52 | G22: 27222 | H22: Herr | I22: Daniel | J22: Horvath-Vogt | K22: =IF($J$2<C22,"Noch kein Geburtstag gehabt","Schon Geburtstag gehabt") -> Schon Geburtstag gehabt
A23: =_xlfn.CONCAT(TEXT(MONTH(G23),"00"),"_",TEXT(DAY(G23),"00")) -> 08_05 | B23: =_xlfn.CONCAT(TEXT(DAY(G23),"00"),".",TEXT(G23,"MMMM")) -> 05.August | C23: =DATE(YEAR($J$2),MONTH(G23),DAY(G23)) -> 46239 | D23: =IF(C23<$J$2,DATE(YEAR($J$2)+1,MONTH(G23),DAY(G23)),DATE(YEAR($J$2),MONTH(G23),DAY(G23))) -> 46604 | E23: =YEAR($J$2) - YEAR(G23) - IF(C23>$J$2,1,0) -> 66 | F23: =YEAR($J$2) - YEAR(G23) -> 66 | G23: 22133 | H23: Frau | I23: Theres | J23: Bruhin-Wichert | K23: =IF($J$2<C23,"Noch kein Geburtstag gehabt","Schon Geburtstag gehabt") -> Schon Geburtstag gehabt
A24: =_xlfn.CONCAT(TEXT(MONTH(G24),"00"),"_",TEXT(DAY(G24),"00")) -> 08_12 | B24: =_xlfn.CONCAT(TEXT(DAY(G24),"00"),".",TEXT(G24,"MMMM")) -> 12.August | C24: =DATE(YEAR($J$2),MONTH(G24),DAY(G24)) -> 46246 | D24: =IF(C24<$J$2,DATE(YEAR($J$2)+1,MONTH(G24),DAY(G24)),DATE(YEAR($J$2),MONTH(G24),DAY(G24))) -> 46611 | E24: =YEAR($J$2) - YEAR(G24) - IF(C24>$J$2,1,0) -> 57 | F24: =YEAR($J$2) - YEAR(G24) -> 57 | G24: 25427 | H24: Herr | I24: Markus | J24: Hüppin | K24: =IF($J$2<C24,"Noch kein Geburtstag gehabt","Schon Geburtstag gehabt") -> Schon Geburtstag gehabt
A25: =_xlfn.CONCAT(TEXT(MONTH(G25),"00"),"_",TEXT(DAY(G25),"00")) -> 08_13 | B25: =_xlfn.CONCAT(TEXT(DAY(G25),"00"),".",TEXT(G25,"MMMM")) -> 13.August | C25: =DATE(YEAR($J$2),MONTH(G25),DAY(G25)) -> 46247 | D25: =IF(C25<$J$2,DATE(YEAR($J$2)+1,MONTH(G25),DAY(G25)),DATE(YEAR($J$2),MONTH(G25),DAY(G25))) -> 46612 | E25: =YEAR($J$2) - YEAR(G25) - IF(C25>$J$2,1,0) -> 84 | F25: =YEAR($J$2) - YEAR(G25) -> 84 | G25: 15566 | H25: Herr | I25: Josef | J25: Vogt | K25: =IF($J$2<C25,"Noch kein Geburtstag gehabt","Schon Geburtstag gehabt") -> Schon Geburtstag gehabt
A26: =_xlfn.CONCAT(TEXT(MONTH(G26),"00"),"_",TEXT(DAY(G26),"00")) -> 09_12 | B26: =_xlfn.CONCAT(TEXT(DAY(G26),"00"),".",TEXT(G26,"MMMM")) -> 12.September | C26: =DATE(YEAR($J$2),MONTH(G26),DAY(G26)) -> 46277 | D26: =IF(C26<$J$2,DATE(YEAR($J$2)+1,MONTH(G26),DAY(G26)),DATE(YEAR($J$2),MONTH(G26),DAY(G26))) -> 46277 | E26: =YEAR($J$2) - YEAR(G26) - IF(C26>$J$2,1,0) -> 56 | F26: =YEAR($J$2) - YEAR(G26) -> 57 | G26: 25458 | H26: Frau | I26: Brigitta | J26: Hüppin | K26: =IF($J$2<C26,"Noch kein Geburtstag gehabt","Schon Geburtstag gehabt") -> Noch kein Geburtstag gehabt
A27: =_xlfn.CONCAT(TEXT(MONTH(G27),"00"),"_",TEXT(DAY(G27),"00")) -> 09_16 | B27: =_xlfn.CONCAT(TEXT(DAY(G27),"00"),".",TEXT(G27,"MMMM")) -> 16.September | C27: =DATE(YEAR($J$2),MONTH(G27),DAY(G27)) -> 46281 | D27: =IF(C27<$J$2,DATE(YEAR($J$2)+1,MONTH(G27),DAY(G27)),DATE(YEAR($J$2),MONTH(G27),DAY(G27))) -> 46281 | E27: =YEAR($J$2) - YEAR(G27) - IF(C27>$J$2,1,0) -> 64 | F27: =YEAR($J$2) - YEAR(G27) -> 65 | G27: 22540 | H27: Frau | I27: Edith | J27: Hüppin | K27: =IF($J$2<C27,"Noch kein Geburtstag gehabt","Schon Geburtstag gehabt") -> Noch kein Geburtstag gehabt
A28: =_xlfn.CONCAT(TEXT(MONTH(G28),"00"),"_",TEXT(DAY(G28),"00")) -> 10_10 | B28: =_xlfn.CONCAT(TEXT(DAY(G28),"00"),".",TEXT(G28,"MMMM")) -> 10.Oktober | C28: =DATE(YEAR($J$2),MONTH(G28),DAY(G28)) -> 46305 | D28: =IF(C28<$J$2,DATE(YEAR($J$2)+1,MONTH(G28),DAY(G28)),DATE(YEAR($J$2),MONTH(G28),DAY(G28))) -> 46305 | E28: =YEAR($J$2) - YEAR(G28) - IF(C28>$J$2,1,0) -> 85 | F28: =YEAR($J$2) - YEAR(G28) -> 86 | G28: 14894 | H28: Herr | I28: Beda | J28: Hungerbühler-Vogt | K28: =IF($J$2<C28,"Noch kein Geburtstag gehabt","Schon Geburtstag gehabt") -> Noch kein Geburtstag gehabt
... A34: =_xlfn.CONCAT(TEXT(MONTH(G34),"00"),"_",TEXT(DAY(G34),"00")) -> 12_16 | B34: =_xlfn.CONCAT(TEXT(DAY(G34),"00"),".",TEXT(G34,"MMMM")) -> 16.Dezember | C34: =DATE(YEAR($J$2),MONTH(G34),DAY(G34)) -> 46372 | D34: =IF(C34<$J$2,DATE(YEAR($J$2)+1,MONTH(G34),DAY(G34)),DATE(YEAR($J$2),MONTH(G34),DAY(G34))) -> 46372 | E34: =YEAR($J$2) - YEAR(G34) - IF(C34>$J$2,1,0) -> 31 | F34: =YEAR($J$2) - YEAR(G34) -> 32 | G34: 34684 | H34: Herr | I34: Loris | J34: Bruhin | K34: =IF($J$2<C34,"Noch kein Geburtstag gehabt","Schon Geburtstag gehabt") -> Noch kein Geburtstag gehabt

Sheet Einheiten umrechnen
B2: Einheiten umrechnen
B5: Temperatur

Sheet Flächenberechnungen
C2: Flächenberechnungen
B5: Quadrat | G5: Rechteck
B6: s (Seite) [m] | C6: d (Diagonale) [m] | D6: A (Fläche) [m2] | E6: U (Umfang) [m] | G6: l (Länge) [m] | H6: b (Breite) [m] | I6: d (Diagonale) [m] | J6: A (Fläche) [m2] | K6: U (Umfang) [m]
B7: 10 | C7: =SQRT(2) * B7 -> 14.142136 | D7: =B7^2 -> 100 | E7: =4*B7 -> 40 | G7: 2 | H7: 3 | I7: =SQRT(G7^2 + H7^2) -> 3.6055513 | J7: =G7*H7 -> 6 | K7: =2*(G7+H7) -> 10
B8: =C8/SQRT(2) -> 10 | C8: 14.142136 | D8: =C8^2 / 2 -> 100 | E8: =4*B8 -> 40 | G8: 2 | H8: =SQRT(I8^2-G8^2) -> 3 | I8: 3.6055513 | J8: =G8*H8 -> 6 | K8: =2*(G8+H8) -> 10
B9: =SQRT(D9) -> 10 | C9: =SQRT(2) * B9 -> 14.142136 | D9: 100 | E9: =4*B9 -> 40 | G9: 2 | H9: =J9/G9 -> 3 | I9: =SQRT(G9^2 + H9^2) -> 3.6055513 | J9: 6 | K9: =2*(G9+H9) -> 10
B10: =E10/4 -> 10 | C10: =SQRT(2) * B10 -> 14.142136 | D10: =B10^2 -> 100 | E10: 40 | G10: 2 | H10: =(K10/2)-G10 -> 3 | I10: =SQRT(G10^2 + H10^2) -> 3.6055513 | J10: =G10*H10 -> 6 | K10: 10
G11: =SQRT((I11^2 - SQRT(I11^4 - 4*J11^2))/2) -> 1.9936429 | H11: =J11/G11 -> 3.0095661 | I11: 3.61 | J11: 6 | K11: =2*(G11+H11) -> 10.006418
G12: =SQRT(I12^2 - H12^2) -> 1.9841997 | H12: =(K12+SQRT(8*I12^2 - K12^2))/4 -> 3.0158003 | I12: 3.61 | J12: =G12*H12 -> 5.98395 | K12: 10
B16: Kreis
B17: r (Radius) | C17: α (Zentriwinkel) [°] | D17: d (Durchmesser) | E17: Akreis | F17: Ukreis | G17: Asektor | H17: b (Bogenlänge Sektor)
B18: 10 | C18: 180 | D18: =2*B18 -> 20 | E18: =B18^2*PI() -> 314.15927 | F18: =2*B18*PI() -> 62.831853 | G18: =E18*C18/360 -> 157.07963 | H18: =F18*C18/360 -> 31.415927
B19: =D19/2 -> 10 | C19: 180 | D19: 20 | E19: =B19^2*PI() -> 314.15927 | F19: =2*B19*PI() -> 62.831853 | G19: =E19*C19/360 -> 157.07963 | H19: =F19*C19/360 -> 31.415927
B20: =SQRT(E20/PI()) -> 10 | C20: 180 | D20: =2*B20 -> 20 | E20: 314.15927 | F20: =2*B20*PI() -> 62.831853 | G20: =E20*C20/360 -> 157.07963 | H20: =F20*C20/360 -> 31.415927
B21: =D21/2 -> 10 | C21: 180 | D21: =F21/PI() -> 20 | E21: =B21^2*PI() -> 314.15927 | F21: 62.831853 | G21: =E21*C21/360 -> 157.07963 | H21: =F21*C21/360 -> 31.415927
B22: 10 | C22: =360/(F22/H22) -> 180 | D22: =2*B22 -> 20 | E22: =B22^2*PI() -> 314.15927 | F22: =2*B22*PI() -> 62.831853 | G22: =E22*C22/360 -> 157.07963 | H22: 31.415927
B23: =D23/2 -> 10 | C23: =360/(F23/H23) -> 180 | D23: 20 | E23: =B23^2*PI() -> 314.15927 | F23: =2*B23*PI() -> 62.831853 | G23: =E23*C23/360 -> 157.07963 | H23: 31.415927
B24: 10 | C24: =360/(E24/G24) -> 180 | D24: =2*B24 -> 20 | E24: =B24^2*PI() -> 314.15927 | F24: =2*B24*PI() -> 62.831853 | G24: 157.07963 | H24: =F24*C24/360 -> 31.415927
B25: =D25/2 -> 10 | C25: =360/(E25/G25) -> 180 | D25: 20 | E25: =B25^2*PI() -> 314.15927 | F25: =2*B25*PI() -> 62.831853 | G25: 157.07963 | H25: =F25*C25/360 -> 31.415927
B29: Rechtwinkliges Dreieck
B30: a (Gegenkathete zu α) | C30: b (Ankathete zu α) | D30: c (Hypothenuse) | E30: α [°] | F30: β [°] | G30: A (Fläche)

Sheet Kinematik_1
C2: Kinematik I
B3: Weg-Zeit Diagramm
B4: Zeit t [s] | C4: 1 | D4: 2 | E4: 3 | F4: 4
B5: Weg s [m] gemessen | C5: 10 | D5: 19.9 | E5: 30.05 | F5: 40.5
B7: Geschwindigkeit v = s/t [m/s] | C7: =C5/C4 -> 10 | D7: =D5/D4 -> 9.95 | E7: =E5/E4 -> 10.016667 | F7: =F5/F4 -> 10.125 | H7: Durchschnitt: | I7: =AVERAGE(C7:F7) -> 10.022917
B8: Weg s = v*t [m] gerechnet | C8: =$I$7*C4 -> 10.022917 | D8: =$I$7*D4 -> 20.045833 | E8: =$I$7*E4 -> 30.06875 | F8: =$I$7*F4 -> 40.091667
J11: Lineare Funktion y= f(x) | M11: y = a * x + b
J13: Steigung: | K13: a = | L13: 5
J14: y-Achsenabschnitt (Bias): | K14: b = | L14: 10
I16: Step (inc): | J16: 0.5
I17: x: | J17: 0 | K17: =$J$16+J17 -> 0.5 | L17: =$J$16+K17 -> 1 | M17: =$J$16+L17 -> 1.5 | N17: =$J$16+M17 -> 2 | O17: =$J$16+N17 -> 2.5 | P17: =$J$16+O17 -> 3 | Q17: =$J$16+P17 -> 3.5 | R17: =$J$16+Q17 -> 4 | ... AO17: =$J$16+AN17 -> 15.5
I18: y = ax + b | J18: =$L$13*J17+$L$14 -> 10 | K18: =$L$13*K17+$L$14 -> 12.5 | L18: =$L$13*L17+$L$14 -> 15 | M18: =$L$13*M17+$L$14 -> 17.5 | N18: =$L$13*N17+$L$14 -> 20 | O18: =$L$13*O17+$L$14 -> 22.5 | P18: =$L$13*P17+$L$14 -> 25 | Q18: =$L$13*Q17+$L$14 -> 27.5 | ... AO18: =$L$13*AO17+$L$14 -> 87.5
I24: km/h | J24: =IF($I$24=$R$24,"s [km]","s [m]") -> s [km] | K24: =IF($I$24=$R$24,"v [km/h]","v [m/s]") -> v [km/h] | L24: =IF($I$24=$R$24,"t [h]","t [s]") -> t [h] | M24: =IF($I$24=$R$24,"s0 [km]","s0 [m]") -> s0 [km] | R24: km/h
H25: s = v*t | I25: s = v*t + s0 | J25: =K25*L25+M25 -> 250 | K25: 100 | L25: 2 | M25: 50 | R25: m/s
H26: v = s/t | I26: v = (s - s0)/t | J26: 250 | K26: =(J26-M26)/L26 -> 100 | L26: 2 | M26: 50
H27: t = s/v | I27: t = (s - s0)/v | J27: 250 | K27: 100 | L27: =(J27-M27)/K27 -> 2 | M27: 50
H28: s0 = 0 | I28: s0 = s - v*t | J28: 250 | K28: 100 | L28: 2 | M28: =J28-K28*L28 -> 50

Sheet Kinematik_1 (Weg-Zeit)
C2: Weg-Zeit Diagramm (Kinematik I)
J4: [h]
J5: [s]
F10: 1
C11: t | D11: [s] | F11: 0 | G11: =F11+$F$10 -> 1 | H11: =G11+$F$10 -> 2 | I11: =H11+$F$10 -> 3 | J11: =I11+$F$10 -> 4 | K11: =J11+$F$10 -> 5 | L11: =K11+$F$10 -> 6 | M11: =L11+$F$10 -> 7 | N11: =M11+$F$10 -> 8 | ... Z11: =Y11+$F$10 -> 20
B12: Fz_1: s1 = v1 * t + s01 = | C12: v1 | D12: =IF($D$11=$J$4,"[km/h]","[m/s]") -> [m/s] | E12: 10.4 | F12: =$E$12*F11 + $E$13 -> 0 | G12: =$E$12*G11 + $E$13 -> 10.4 | H12: =$E$12*H11 + $E$13 -> 20.8 | I12: =$E$12*I11 + $E$13 -> 31.2 | J12: =$E$12*J11 + $E$13 -> 41.6 | K12: =$E$12*K11 + $E$13 -> 52 | L12: =$E$12*L11 + $E$13 -> 62.4 | M12: =$E$12*M11 + $E$13 -> 72.8 | ... Z12: =$E$12*Z11 + $E$13 -> 208
C13: s01 | D13: =IF($D$11=$J$4,"[km]","[m]") -> [m] | E13: 0
B14: Fz_2: s2 = v2 * t + s02 = | C14: v2 | D14: =IF($D$11=$J$4,"[km/h]","[m/s]") -> [m/s] | E14: 8.547008 | F14: =$E$14*F11+$E$15 -> 25.641025 | G14: =$E$14*G11+$E$15 -> 34.188033 | H14: =$E$14*H11+$E$15 -> 42.735041 | I14: =$E$14*I11+$E$15 -> 51.282049 | J14: =$E$14*J11+$E$15 -> 59.829057 | K14: =$E$14*K11+$E$15 -> 68.376065 | L14: =$E$14*L11+$E$15 -> 76.923073 | M14: =$E$14*M11+$E$15 -> 85.470081 | ... Z14: =$E$14*Z11+$E$15 -> 196.58119
C15: s02 | D15: =IF($D$11=$J$4,"[km]","[m]") -> [m] | E15: 25.641025
C17: =IF(E14*E12<0,"Auf einander zufahren","Einander nachfahren") -> Einander nachfahren
B38: Treffpunk / Ueberholpunkt: | G38: Hilfslinien:
B39: t = (s02 -s01) /(v1 -v2) = | C39: =(E15-E13)/(E12-E14) -> 13.837634 | E39: [h] | G39: horizontale: | H39: 0 | I39: =C39 -> 13.837634
C40: =C39/24 -> 0.57656808 | H40: =C42 -> 143.91139 | I40: =H40 -> 143.91139
B42: s = v1 * t + s01 = | C42: =E12*C39+E13 -> 143.91139 | E42: [km] | G42: vertikale: | H42: =I39 -> 13.837634 | I42: =H42 -> 13.837634
B43: s = v1 * t + s01 = | C43: =E14*C39+E15 -> 143.91139 | E43: [km] | H43: 0 | I43: =H40 -> 143.91139

Sheet Kinematik_2
B2: Beschleunigte Bewegung (Kinematik II a>0 und a ist konstant) | N2: Senkrechte | Q2: Vertikale Hilfslinie | T2: Vertikale | X2: Senkrechte_2 | AA2: Vertikale_2
C3: Zeit t: | D3: Zeit t: | E3: 4 | F3: [s] | G3: =IF(F3=H3,E3,IF(F3=P7,E3*60,IF(F3=P8,E3*3600))) -> 4 | H3: =P6 -> [s] | N3: =G3 -> 4 | O3: =N3 -> 4 | Q3: 0 | R3: =E3 -> 4 | T3: 0 | U3: =O3 -> 4 | X3: =R3 -> 4 | Y3: =X3 -> 4 | AA3: 0 | AB3: =Y3 -> 4
C4: Beschleunigung a: | E4: 4 | F4: [m/s2] | N4: 0 | O4: =E4*G3+G5 -> 46 | Q4: =G5 -> 30 | R4: =Q4 -> 30 | T4: =O4 -> 46 | U4: =T4 -> 46 | X4: 0 | Y4: =$E$4/2 * $G$3^2 + G5* $G$3 + $G$6 -> 202 | AA4: =Y4 -> 202 | AB4: =AA4 -> 202
C5: Anfangsgeschwindigkeit v0: | E5: 30 | F5: [m/s] | G5: =IF(F5=H5,E5,E5/3.6) -> 30 | H5: =N7 -> [m/s]
C6: Anfangsstrecke s0: | E6: 50 | F6: [m] | G6: =IF(F6=H6,E6,E6*1000) -> 50 | H6: =O6 -> [m] | N6: [km/h] | O6: [m] | P6: [s]
N7: [m/s] | O7: [km] | P7: [Min]
P8: [h]
C11: v = a*t + vo = | E11: =$E$4*$G$3+G5 -> 46 | F11: =H5 -> [m/s] | G11: =IF(F11=H11,E11,E11*3.6) -> 46 | H11: [m/s] | N11: lineare Funktion
C12: s = a/2 * t2 + vo * t + so = | E12: =$E$4*$G$3^2/2 + G5* $G$3 + $G$6 -> 202 | F12: =F6 -> [m] | G12: =IF(F12=H12,E12,E12/1000) -> 0.202 | H12: [km] | N12: Fläche unter dem Geschwindgkeits-Zeit Diagramm
C18: Increment: | E18: 0.5
C19: t [s] | E19: 0 | F19: =E19+$E$18 -> 0.5 | G19: =F19+$E$18 -> 1 | H19: =G19+$E$18 -> 1.5 | I19: =H19+$E$18 -> 2 | J19: =I19+$E$18 -> 2.5 | K19: =J19+$E$18 -> 3 | L19: =K19+$E$18 -> 3.5 | M19: =L19+$E$18 -> 4 | ... AA19: =Z19+$E$18 -> 11
C20: v = a * t + v0 | E20: =$E$4*E19+$G$5 -> 30 | F20: =$E$4*F19+$G$5 -> 32 | G20: =$E$4*G19+$G$5 -> 34 | H20: =$E$4*H19+$G$5 -> 36 | I20: =$E$4*I19+$G$5 -> 38 | J20: =$E$4*J19+$G$5 -> 40 | K20: =$E$4*K19+$G$5 -> 42 | L20: =$E$4*L19+$G$5 -> 44 | ... AA20: =$E$4*AA19+$G$5 -> 74
C21: s = a/2 * t2 + v0*t + s0 | E21: =$E$4/2 * E19^2 + $G$5 * E19 + $E$6 -> 50 | F21: =$E$4/2 * F19^2 + $G$5 * F19 + $E$6 -> 65.5 | G21: =$E$4/2 * G19^2 + $G$5 * G19 + $E$6 -> 82 | H21: =$E$4/2 * H19^2 + $G$5 * H19 + $E$6 -> 99.5 | I21: =$E$4/2 * I19^2 + $G$5 * I19 + $E$6 -> 118 | J21: =$E$4/2 * J19^2 + $G$5 * J19 + $E$6 -> 137.5 | K21: =$E$4/2 * K19^2 + $G$5 * K19 + $E$6 -> 158 | L21: =$E$4/2 * L19^2 + $G$5 * L19 + $E$6 -> 179.5 | ... AA21: =$E$4/2 * AA19^2 + $G$5 * AA19 + $E$6 -> 622

Sheet Kinematik_2_Berechnungen
B2: Beschleunigte Bewegung
Q3: gegeben
J4: Ctrl-1 | K4: Zelle formatieren | Q4: --
C6: =$O$8 -> Anfangs-Geschwindigkeit | E6: =$O$9 -> Geschwindigkeit | G6: =$O$10 -> Strecke | I6: =$O$11 -> Zeit | K6: =$O$12 -> Beschleunigung
B7: Fall | C7: =$P$8 -> v0 [m/s] | E7: =$P$9 -> v [m/s] | G7: =$P$10 -> s [m] | I7: =$P$11 -> t [s] | K7: =$P$12 -> a [m/s2]
A8: 28 | B8: A | C8: v0 = (s - (a/2)t2)/t v0 = (2s/t) - v | D8: =(G8-(K8/2)*I8^2)/I8 -> 10 | E8: v=s/t + at/2 | F8: =G8/I8 + K8*I8/2 -> 24 | G8: 119 | I8: 7 | K8: 2 | N8: gegeben | O8: Anfangs-Geschwindigkeit | P8: v0 [m/s] | Q8: =IF(N8=$Q$3,1,0) -> 1
A9: 26 | B9: B | C9: v0 = v - at | D9: =E9-K9*I9 -> 10 | E9: 24 | G9: s = vt - at2/2 | H9: =E9*I9 - K9*I9^2/2 -> 119 | I9: 7 | K9: 2 | N9: gegeben | O9: Geschwindigkeit | P9: v [m/s] | Q9: =IF(N9=$Q$3,2,0) -> 2
A10: 22 | B10: C | C10: v0 = sqrt(v2 - 2as) | D10: =SQRT(E10^2 - 2*K10*G10) -> 10 | E10: 24 | G10: 119 | I10: t = (v - sqrt(v2 - 2as))/a | J10: =(E10 - SQRT(E10^2 - 2*K10*G10))/K10 -> 7 | K10: 2 | N10: gegeben | O10: Strecke | P10: s [m] | Q10: =IF(N10=$Q$3,4,0) -> 4
A11: 14 | B11: D | C11: v0 = 2s/t - v | D11: =2*G11/I11 - E11 -> 10 | E11: 24 | G11: 119 | I11: 7 | K11: a = 2/t * (v - s/t) | L11: =2/I11 * (E11 - G11/I11) -> 2 | N11: -- | O11: Zeit | P11: t [s] | Q11: =IF(N11=$Q$3,8,0) -> 0
A12: 25 | B12: E | C12: 10 | E12: v = at + v0 | F12: =K12*I12+C12 -> 24 | G12: s = (a/2)t2 + v0t s = (v0+v)*t/2 | H12: =K12/2 * I12^2 + C12*I12 -> 119 | I12: 7 | K12: 2 | N12: -- | O12: Beschleunigung | P12: a [m/s2] | Q12: =IF(N12=$Q$3,16,0) -> 0 | S12: =SUM(Q8:Q12) -> 7
A13: 21 | B13: F | C13: 10 | E13: v = sqrt(v02 + 2as) | F13: =SQRT(C13^2 + 2*K13*G13) -> 24 | G13: 119 | I13: t = (-v0 + sqrt(v02 + 2as))/a | J13: =(-C13 + SQRT(C13^2 + 2*K13*G13))/K13 -> 7 | K13: 2 | O13: Anfangs-Winkelgeschwindigkeit | P13: ω0 [rad/s]
A14: 13 | B14: G | C14: 10 | E14: v = 2s/t - v0 | F14: =2*G14/I14 - C14 -> 24 | G14: 119 | I14: 7 | K14: a = 2((s - v0*t)/t2) | L14: =2*((G14-C14*I14)/I14^2) -> 2 | O14: Winkelgeschwindigkeit | P14: ω [rad/s]
A15: 19 | B15: H | C15: 10 | E15: 24 | G15: s = (v2 -v02)/2a | H15: =(E15^2 - C15^2)/(2*K15) -> 119 | I15: t = (v - v0)/a | J15: =(E15-C15)/K15 -> 7 | K15: 2 | O15: Winkel | P15: φ [rad]
A16: 11 | B16: I | C16: 10 | E16: 24 | G16: s = (v0 + v)t/2 | H16: =(C16+E16)*I16/2 -> 119 | I16: 7 | K16: a = (v - v0)/t | L16: =(E16-C16)/I16 -> 2 | O16: Zeit | P16: t [s]
A17: 7 | B17: J | C17: 10 | E17: 24 | G17: 119 | I17: t = 2s/(v0 + v) | J17: =2*G17/(C17+E17) -> 7 | K17: a = (v2 - v02)/2s | L17: =(E17^2 - C17^2)/(2*G17) -> 2 | O17: Winkelbeschleunigung | P17: α [rad/s2]
B18: Fall | C18: =P13 -> ω0 [rad/s] | E18: =P14 -> ω [rad/s] | G18: =P15 -> φ [rad] | I18: =P16 -> t [s] | K18: =P17 -> α [rad/s2]
C19: =O13 -> Anfangs-Winkelgeschwindigkeit | E19: =O14 -> Winkelgeschwindigkeit | G19: =O15 -> Winkel | I19: =O16 -> Zeit | K19: =O17 -> Winkelbeschleunigung

Sheet Kinematik_2 (Weg-Zeit)
C2: Weg-Zeit Diagramm (Kinematik II)
G10: 0.5
C11: t [h] | G11: 0 | H11: =G11+$G$10 -> 0.5 | I11: =H11+$G$10 -> 1 | J11: =I11+$G$10 -> 1.5 | K11: =J11+$G$10 -> 2 | L11: =K11+$G$10 -> 2.5 | M11: =L11+$G$10 -> 3 | N11: =M11+$G$10 -> 3.5 | O11: =N11+$G$10 -> 4 | ... AA11: =Z11+$G$10 -> 10
B12: s1 = (a1/2)t2 + v01*t + s01 = | D12: s [km] = | G12: =(($E$16/2)*G11^2 + $E$15*G11 + $E$14)/1000 -> 36.6 | H12: =(($E$16/2)*H11^2 + $E$15*H11 + $E$14)/1000 -> 36.604417 | I12: =(($E$16/2)*I11^2 + $E$15*I11 + $E$14)/1000 -> 36.609333 | J12: =(($E$16/2)*J11^2 + $E$15*J11 + $E$14)/1000 -> 36.61475 | K12: =(($E$16/2)*K11^2 + $E$15*K11 + $E$14)/1000 -> 36.620667 | L12: =(($E$16/2)*L11^2 + $E$15*L11 + $E$14)/1000 -> 36.627083 | M12: =(($E$16/2)*M11^2 + $E$15*M11 + $E$14)/1000 -> 36.634 | N12: =(($E$16/2)*N11^2 + $E$15*N11 + $E$14)/1000 -> 36.641417 | ... AA12: =(($E$16/2)*AA11^2 + $E$15*AA11 + $E$14)/1000 -> 36.783333
B13: v1 = a1*t + v01 = | D13: v1 [km/h] = | G13: =($E$16*G11+$E$15)*3.6 -> 30 | H13: =($E$16*H11+$E$15)*3.6 -> 33.6 | I13: =($E$16*I11+$E$15)*3.6 -> 37.2 | J13: =($E$16*J11+$E$15)*3.6 -> 40.8 | K13: =($E$16*K11+$E$15)*3.6 -> 44.4 | L13: =($E$16*L11+$E$15)*3.6 -> 48 | M13: =($E$16*M11+$E$15)*3.6 -> 51.6 | N13: =($E$16*N11+$E$15)*3.6 -> 55.2 | ... AA13: =($E$16*AA11+$E$15)*3.6 -> 102
C14: s01 [km] | D14: 36.6 | E14: =D14*1000 -> 36600 | F14: [m]
C15: v01 [km/h] | D15: 30 | E15: =D15/3.6 -> 8.3333333 | F15: [m/s]
C16: a1 [m/s2] | D16: 2 | E16: =D16 -> 2 | F16: [m/s2]
B18: Fz_2: s2 = v2 * t + s02 = | C18: v2 [km/h] | D18: 120 | G18: =$D$18*G11+$D$21 -> 0 | H18: =$D$18*H11+$D$21 -> 60 | I18: =$D$18*I11+$D$21 -> 120 | J18: =$D$18*J11+$D$21 -> 180 | K18: =$D$18*K11+$D$21 -> 240 | L18: =$D$18*L11+$D$21 -> 300 | M18: =$D$18*M11+$D$21 -> 360 | N18: =$D$18*N11+$D$21 -> 420 | ... AA18: =$D$18*AA11+$D$21 -> 1200
C19: s02 [km] | D19: 0
C20: a2 [m/s2]
C21: v02 [km/h]
C23: =IF(D18*#REF!<0,"Auf einander zufahren","Einander nachfahren") -> #REF!
B44: Treffpunk / Ueberholpunkt: | H44: Hilfslinien:
B45: t = (s02 -s01) /(v1 -v2) = | C45: =(D21-D14)/(#REF!-D18) -> #REF! | D45: [h] | H45: horizontale: | I45: 0 | J45: =C45 -> #REF!
C46: =C45/24 -> #REF! | I46: =C48 -> #REF! | J46: =I46 -> #REF!
B48: s = v1 * t + s01 = | C48: =#REF!*C45+D14 -> #REF! | D48: [km] | H48: vertikale: | I48: =J45 -> #REF! | J48: =I48 -> #REF!
B49: s = v1 * t + s01 = | C49: =D18*C45+D21 -> #REF! | D49: [km] | I49: 0 | J49: =I46 -> #REF!

Sheet Fourierreihe
C2: Fourierreihe
V4: Hilfslinie:
V5: Max = | W5: =MAX(N15:N19) -> 0.76604444 | Z5: =N12 -> 50 | AA5: =Z5 -> 50
V6: Min = | W6: =MIN(N15:N19) -> -0.18793852 | Z6: 0 | AA6: =W7 -> 0.76604444
M7: φ | N7: Grosses phi | U7: Amplitude = | W7: =IF(ABS(W5)>ABS(W6),W5,W6) -> 0.76604444 | AL7: Ja
M8: φ | N8: Kleines phi | AL8: Nein
M9: π | N9: pi
O11: Step: | P11: 10
C12: y(t) = a * sin(2πf​* t + φ) = a * sin(ω​* t + φ) | M12: x = phi [°] = | N12: 50 | O12: Show | P12: 0 | Q12: =P12+$P$11 -> 10 | R12: =Q12+$P$11 -> 20 | S12: =R12+$P$11 -> 30 | T12: =S12+$P$11 -> 40 | U12: =T12+$P$11 -> 50 | V12: =U12+$P$11 -> 60 | W12: =V12+$P$11 -> 70 | X12: =W12+$P$11 -> 80 | ... BB12: =BA12+$P$11 -> 380
C13: a Amplitude | D13: f Frequenz [Hz] | E13: Verhältnis zur Grundfrequenz Oberwelle | F13: T Periodendauer [s] | G13: ω (2 * π * f ) | H13: φ Phasenlage [°] | I13: φ Phasenlage [rad] | M13: x = phi [rad] = | N13: =PI()*N12/180 -> 0.87266463 | P13: =PI()*P12/180 -> 0 | Q13: =PI()*Q12/180 -> 0.17453293 | R13: =PI()*R12/180 -> 0.34906585 | S13: =PI()*S12/180 -> 0.52359878 | T13: =PI()*T12/180 -> 0.6981317 | U13: =PI()*U12/180 -> 0.87266463 | V13: =PI()*V12/180 -> 1.0471976 | W13: =PI()*W12/180 -> 1.2217305 | ... BB13: =PI()*BB12/180 -> 6.6322512
M14: t = | N14: =$F$19 * N12 / 360 -> 0.0027777778 | P14: =$F$19 * P12 / 360 -> 0 | Q14: =$F$19 * Q12 / 360 -> 0.00055555556 | R14: =$F$19 * R12 / 360 -> 0.0011111111 | S14: =$F$19 * S12 / 360 -> 0.0016666667 | T14: =$F$19 * T12 / 360 -> 0.0022222222 | U14: =$F$19 * U12 / 360 -> 0.0027777778 | V14: =$F$19 * V12 / 360 -> 0.0033333333 | W14: =$F$19 * W12 / 360 -> 0.0038888889 | ... BB14: =$F$19 * BB12 / 360 -> 0.021111111
C15: 1 | D15: 50 | E15: =D15/$D$19 -> 1 | F15: =1/D15 -> 0.02 | G15: =2*PI()*D15 -> 314.15927 | H15: 0 | I15: =PI()*H15/180 -> 0 | M15: =_xlfn.CONCAT("y0 = ",IF(C15<>1,_xlfn.CONCAT(ROUND(C15,2)," *"),"")," sin(2*pi * ",IF(D15<>1,_xlfn.CONCAT(ROUND(D15,2),"Hz"),"")," * t ",IF(H15<>0,_xlfn.CONCAT(" + ",ROUND(H15,2),"°"),""),") = ") -> y0 = sin(2*pi * 50Hz * t ) = | N15: =IF($O$15=$AL$7,$C$15*SIN($G$15*N14 + $E$15*$I$15),"") -> 0.76604444 | O15: Ja | P15: =IF($O$15=$AL$7,$C$15*SIN($G$15*P14 + $E$15*$I$15),"") -> 0 | Q15: =IF($O$15=$AL$7,$C$15*SIN($G$15*Q14 + $E$15*$I$15),"") -> 0.17364818 | R15: =IF($O$15=$AL$7,$C$15*SIN($G$15*R14 + $E$15*$I$15),"") -> 0.34202014 | S15: =IF($O$15=$AL$7,$C$15*SIN($G$15*S14 + $E$15*$I$15),"") -> 0.5 | T15: =IF($O$15=$AL$7,$C$15*SIN($G$15*T14 + $E$15*$I$15),"") -> 0.64278761 | U15: =IF($O$15=$AL$7,$C$15*SIN($G$15*U14 + $E$15*$I$15),"") -> 0.76604444 | V15: =IF($O$15=$AL$7,$C$15*SIN($G$15*V14 + $E$15*$I$15),"") -> 0.8660254 | W15: =IF($O$15=$AL$7,$C$15*SIN($G$15*W14 + $E$15*$I$15),"") -> 0.93969262 | ... BB15: =IF($O$15=$AL$7,$C$15*SIN($G$15*BB14 + $E$15*$I$15),"") -> 0.34202014
C16: =1/3 -> 0.33333333 | D16: =3*D15 -> 150 | E16: =D16/$D$19 -> 3 | F16: =1/D16 -> 0.0066666667 | G16: =2*PI()*D16 -> 942.4778 | H16: 0 | I16: =PI()*H16/180 -> 0 | M16: =_xlfn.CONCAT("y1 = ",IF(C16<>1,_xlfn.CONCAT(ROUND(C16,2)," *"),"")," sin(2*pi * ",IF(D16<>1,_xlfn.CONCAT(ROUND(D16,2),"Hz"),"")," * t ",IF(H16<>0,_xlfn.CONCAT(" + ",ROUND(H16,2),"°"),""),") = ") -> y1 = 0.33 * sin(2*pi * 150Hz * t ) = | N16: =IF($O$16=$AL$7,$C$16*SIN($G$16*N14 + $E$16*$I$16),"") -> 0.16666667 | O16: Ja | P16: =IF($O$16=$AL$7,$C$16*SIN($G$16*P14 + $E$16*$I$16),"") -> 0 | Q16: =IF($O$16=$AL$7,$C$16*SIN($G$16*Q14 + $E$16*$I$16),"") -> 0.16666667 | R16: =IF($O$16=$AL$7,$C$16*SIN($G$16*R14 + $E$16*$I$16),"") -> 0.28867513 | S16: =IF($O$16=$AL$7,$C$16*SIN($G$16*S14 + $E$16*$I$16),"") -> 0.33333333 | T16: =IF($O$16=$AL$7,$C$16*SIN($G$16*T14 + $E$16*$I$16),"") -> 0.28867513 | U16: =IF($O$16=$AL$7,$C$16*SIN($G$16*U14 + $E$16*$I$16),"") -> 0.16666667 | V16: =IF($O$16=$AL$7,$C$16*SIN($G$16*V14 + $E$16*$I$16),"") -> 1.8886802e-16 | W16: =IF($O$16=$AL$7,$C$16*SIN($G$16*W14 + $E$16*$I$16),"") -> -0.16666667 | ... BB16: =IF($O$16=$AL$7,$C$16*SIN($G$16*BB14 + $E$16*$I$16),"") -> 0.28867513
C17: =1/5 -> 0.2 | D17: =5*D15 -> 250 | E17: =D17/$D$19 -> 5 | F17: =1/D17 -> 0.004 | G17: =2*PI()*D17 -> 1570.7963 | H17: 0 | I17: =PI()*H17/180 -> 0 | M17: =_xlfn.CONCAT("y2 = ",IF(C17<>1,_xlfn.CONCAT(ROUND(C17,2)," *"),"")," sin(2*pi * ",IF(D17<>1,_xlfn.CONCAT(ROUND(D17,2),"Hz"),"")," * t ",IF(H17<>0,_xlfn.CONCAT(" + ",ROUND(H17,2),"°"),""),") = ") -> y2 = 0.2 * sin(2*pi * 250Hz * t ) = | N17: =IF($O$17=$AL$7,$C$17*SIN($G$17*N14 + $E$17*$I$17),"") -> -0.18793852 | O17: Ja | P17: =IF($O$17=$AL$7,$C$17*SIN($G$17*P14 + $E$17*$I$17),"") -> 0 | Q17: =IF($O$17=$AL$7,$C$17*SIN($G$17*Q14 + $E$17*$I$17),"") -> 0.15320889 | R17: =IF($O$17=$AL$7,$C$17*SIN($G$17*R14 + $E$17*$I$17),"") -> 0.19696155 | S17: =IF($O$17=$AL$7,$C$17*SIN($G$17*S14 + $E$17*$I$17),"") -> 0.1 | T17: =IF($O$17=$AL$7,$C$17*SIN($G$17*T14 + $E$17*$I$17),"") -> -0.068404029 | U17: =IF($O$17=$AL$7,$C$17*SIN($G$17*U14 + $E$17*$I$17),"") -> -0.18793852 | V17: =IF($O$17=$AL$7,$C$17*SIN($G$17*V14 + $E$17*$I$17),"") -> -0.17320508 | W17: =IF($O$17=$AL$7,$C$17*SIN($G$17*W14 + $E$17*$I$17),"") -> -0.034729636 | ... BB17: =IF($O$17=$AL$7,$C$17*SIN($G$17*BB14 + $E$17*$I$17),"") -> 0.19696155
C18: =1/7 -> 0.14285714 | D18: =7*D15 -> 350 | E18: =D18/$D$19 -> 7 | F18: =1/D18 -> 0.0028571429 | G18: =2*PI()*D18 -> 2199.1149 | H18: 0 | I18: =PI()*H18/180 -> 0 | M18: =_xlfn.CONCAT("y3 = ",IF(C18<>1,_xlfn.CONCAT(ROUND(C18,2)," *"),"")," sin(2*pi * ",IF(D18<>1,_xlfn.CONCAT(ROUND(D18,2),"Hz"),"")," * t ",IF(H18<>0,_xlfn.CONCAT(" + ",ROUND(H18,2),"°"),""),") = ") -> y3 = 0.14 * sin(2*pi * 350Hz * t ) = | N18: =IF($O$18=$AL$7,$C$18*SIN($G$18*N14 + $E$18*$I$18),"") -> -0.024806883 | O18: Ja | P18: =IF($O$18=$AL$7,$C$18*SIN($G$18*P14 + $E$18*$I$18),"") -> 0 | Q18: =IF($O$18=$AL$7,$C$18*SIN($G$18*Q14 + $E$18*$I$18),"") -> 0.1342418 | R18: =IF($O$18=$AL$7,$C$18*SIN($G$18*R14 + $E$18*$I$18),"") -> 0.091826801 | S18: =IF($O$18=$AL$7,$C$18*SIN($G$18*S14 + $E$18*$I$18),"") -> -0.071428571 | T18: =IF($O$18=$AL$7,$C$18*SIN($G$18*T14 + $E$18*$I$18),"") -> -0.14068682 | U18: =IF($O$18=$AL$7,$C$18*SIN($G$18*U14 + $E$18*$I$18),"") -> -0.024806883 | V18: =IF($O$18=$AL$7,$C$18*SIN($G$18*V14 + $E$18*$I$18),"") -> 0.12371791 | W18: =IF($O$18=$AL$7,$C$18*SIN($G$18*W14 + $E$18*$I$18),"") -> 0.10943492 | ... BB18: =IF($O$18=$AL$7,$C$18*SIN($G$18*BB14 + $E$18*$I$18),"") -> 0.091826801
C19: Grundfrequenz: | D19: =MIN(D15:D18) -> 50 | F19: =1/D19 -> 0.02 | G19: =2*PI()*D19 -> 314.15927 | M19: yResultierend = y0 + y1 + y2 + y3 = | N19: =IF($O$19=$AL$7,SUM(N15:N18),"") -> 0.7199657 | O19: Ja | P19: =IF($O$19=$AL$7,SUM(P15:P18),"") -> 0 | Q19: =IF($O$19=$AL$7,SUM(Q15:Q18),"") -> 0.62776554 | R19: =IF($O$19=$AL$7,SUM(R15:R18),"") -> 0.91948363 | S19: =IF($O$19=$AL$7,SUM(S15:S18),"") -> 0.86190476 | T19: =IF($O$19=$AL$7,SUM(T15:T18),"") -> 0.72237189 | U19: =IF($O$19=$AL$7,SUM(U15:U18),"") -> 0.7199657 | V19: =IF($O$19=$AL$7,SUM(V15:V18),"") -> 0.81653824 | W19: =IF($O$19=$AL$7,SUM(W15:W18),"") -> 0.84773124 | ... BB19: =IF($O$19=$AL$7,SUM(BB15:BB18),"") -> 0.91948363

Sheet Scheinleistung
C2: Scheinleistung S [VA] - Blindleistung Q [var] - Wirkleistung P [W]
S4: Hilfslinie: | Z4: x-Achse: | AC4: y-Achse:
S5: Max = | T5: =MAX(K14:K23) -> 0.8660254 | W5: =K12 -> 60 | X5: =W5 -> 60 | Z5: 0 | AA5: =AY12 -> 570 | AC5: 0 | AD5: 0
E6: Frequenz Strom und Spannung sind gleich | S6: Min = | T6: =MIN(K14:K23) -> -0.4330127 | W6: =IF(T6>0,0,T6) -> -0.4330127 | X6: =IF(T5<0,0,T5) -> 0.8660254 | Z6: 0 | AA6: 0 | AC6: =MIN(M14:AY23) -> -1 | AD6: =MAX(M14:AY23) -> 1
E7: Phasenlage Spannung wird als Referenz = 0 angenommen | R7: Amplitude = | T7: =IF(ABS(T5)>ABS(T6),T5,T6) -> 0.8660254 | AI7: Ja
E8: =IF(E15>0,"Kapazitiv (Strom voreilend)",IF(E15<0,"Induktiv (Strom nacheilend)","Ohmsch (Gleichphasig)")) -> Induktiv (Strom nacheilend) | AI8: Nein
L11: Step: | M11: 15
C12: y = a * sin(x + c) | J12: phi [°] = | K12: 60 | L12: Show | M12: 0 | N12: =M12+$M$11 -> 15 | O12: =N12+$M$11 -> 30 | P12: =O12+$M$11 -> 45 | Q12: =P12+$M$11 -> 60 | R12: =Q12+$M$11 -> 75 | S12: =R12+$M$11 -> 90 | T12: =S12+$M$11 -> 105 | U12: =T12+$M$11 -> 120 | ... AY12: =AX12+$M$11 -> 570
B13: Grösse | C13: a Amplitude | D13: b Frequenz | E13: c Phasenlage [°] | F13: c Phasenlage [rad] | J13: phi [rad] = | K13: =PI()*K12/180 -> 1.0471976 | M13: =PI()*M12/180 -> 0 | N13: =PI()*N12/180 -> 0.26179939 | O13: =PI()*O12/180 -> 0.52359878 | P13: =PI()*P12/180 -> 0.78539816 | Q13: =PI()*Q12/180 -> 1.0471976 | R13: =PI()*R12/180 -> 1.3089969 | S13: =PI()*S12/180 -> 1.5707963 | T13: =PI()*T12/180 -> 1.8325957 | ... AY13: =PI()*AY12/180 -> 9.9483767
B14: U | C14: 1 | D14: 50 | E14: 0 | F14: =PI()*E14/180 -> 0 | J14: =_xlfn.CONCAT(B14," = ",IF(C14<>1,_xlfn.CONCAT(ROUND(C14,2)," *"),"")," sin(","x ",IF(F14<>0,_xlfn.CONCAT(" + ",ROUND(F14,2),"°"),""),") = ") -> U = sin(x ) = | K14: =IF($L$14=$AI$7,$C$14*SIN(K13 + $F$14),0) -> 0.8660254 | L14: Ja | M14: =IF($L$14=$AI$7,$C$14*SIN(M13 + $F$14),0) -> 0 | N14: =IF($L$14=$AI$7,$C$14*SIN(N13 + $F$14),0) -> 0.25881905 | O14: =IF($L$14=$AI$7,$C$14*SIN(O13 + $F$14),0) -> 0.5 | P14: =IF($L$14=$AI$7,$C$14*SIN(P13 + $F$14),0) -> 0.70710678 | Q14: =IF($L$14=$AI$7,$C$14*SIN(Q13 + $F$14),0) -> 0.8660254 | R14: =IF($L$14=$AI$7,$C$14*SIN(R13 + $F$14),0) -> 0.96592583 | S14: =IF($L$14=$AI$7,$C$14*SIN(S13 + $F$14),0) -> 1 | T14: =IF($L$14=$AI$7,$C$14*SIN(T13 + $F$14),0) -> 0.96592583 | ... AY14: =IF($L$14=$AI$7,$C$14*SIN(AY13 + $F$14),0) -> -0.5
B15: I | C15: 1 | D15: =D14 -> 50 | E15: -60 | F15: =PI()*E15/180 -> -1.0471976 | J15: =_xlfn.CONCAT(B15," = ",IF(C15<>1,_xlfn.CONCAT(ROUND(C15,2)," *"),"")," sin(x ",IF(E15<>0,_xlfn.CONCAT(" + ",ROUND(E15,2),"°"),""),") = ") -> I = sin(x + -60°) = | K15: =IF($L$15=$AI$7,$C$15*SIN(K13 + $F$15),"") -> 0 | L15: Ja | M15: =IF($L$15=$AI$7,$C$15*SIN(M13 + $F$15),0) -> -0.8660254 | N15: =IF($L$15=$AI$7,$C$15*SIN(N13 + $F$15),0) -> -0.70710678 | O15: =IF($L$15=$AI$7,$C$15*SIN(O13 + $F$15),0) -> -0.5 | P15: =IF($L$15=$AI$7,$C$15*SIN(P13 + $F$15),0) -> -0.25881905 | Q15: =IF($L$15=$AI$7,$C$15*SIN(Q13 + $F$15),0) -> 0 | R15: =IF($L$15=$AI$7,$C$15*SIN(R13 + $F$15),0) -> 0.25881905 | S15: =IF($L$15=$AI$7,$C$15*SIN(S13 + $F$15),0) -> 0.5 | T15: =IF($L$15=$AI$7,$C$15*SIN(T13 + $F$15),0) -> 0.70710678 | ... AY15: =IF($L$15=$AI$7,$C$15*SIN(AY13 + $F$15),0) -> 0.5
B16: IP = Iphasen gleich mit U | C16: =C15*COS(F15) -> 0.5 | D16: =D15 -> 50 | E16: =E14 -> 0 | F16: =F14 -> 0 | J16: =_xlfn.CONCAT("IP = ",IF(C16<>1,_xlfn.CONCAT(ROUND(C16,2)," *"),"")," sin(x ",IF(E16<>0,_xlfn.CONCAT(" + ",ROUND(E16,2),"°"),""),") = ") -> IP = 0.5 * sin(x ) = | K16: =IF($L$16=$AI$7,$C$16*SIN(K14 + $F$16),"") -> 0.38087999 | L16: Ja | M16: =IF($L$16=$AI$7,$C$16*SIN(M13 + $F$16),0) -> 0 | N16: =IF($L$16=$AI$7,$C$16*SIN(N13 + $F$16),0) -> 0.12940952 | O16: =IF($L$16=$AI$7,$C$16*SIN(O13 + $F$16),0) -> 0.25 | P16: =IF($L$16=$AI$7,$C$16*SIN(P13 + $F$16),0) -> 0.35355339 | Q16: =IF($L$16=$AI$7,$C$16*SIN(Q13 + $F$16),0) -> 0.4330127 | R16: =IF($L$16=$AI$7,$C$16*SIN(R13 + $F$16),0) -> 0.48296291 | S16: =IF($L$16=$AI$7,$C$16*SIN(S13 + $F$16),0) -> 0.5 | T16: =IF($L$16=$AI$7,$C$16*SIN(T13 + $F$16),0) -> 0.48296291 | ... AY16: =IF($L$16=$AI$7,$C$16*SIN(AY13 + $F$16),0) -> -0.25
B17: IQ = I90° gegen U | C17: =C15*SIN(F15) -> -0.8660254 | D17: =D16 -> 50 | E17: 90 | F17: =PI()*E17/180 -> 1.5707963 | J17: =_xlfn.CONCAT("IQ = ",IF(C17<>1,_xlfn.CONCAT(ROUND(C17,2)," *"),"")," sin(x ",IF(E17<>0,_xlfn.CONCAT(" + ",ROUND(E17,2),"°"),""),") = ") -> IQ = -0.87 * sin(x + 90°) = | K17: =IF($L$17=$AI$7,$C$17*SIN(K13 + $F$17),"") -> -0.4330127 | L17: Ja | M17: =IF($L$17=$AI$7,$C$17*SIN(M13 + $F$17),0) -> -0.8660254 | N17: =IF($L$17=$AI$7,$C$17*SIN(N13 + $F$17),0) -> -0.8365163 | O17: =IF($L$17=$AI$7,$C$17*SIN(O13 + $F$17),0) -> -0.75 | P17: =IF($L$17=$AI$7,$C$17*SIN(P13 + $F$17),0) -> -0.61237244 | Q17: =IF($L$17=$AI$7,$C$17*SIN(Q13 + $F$17),0) -> -0.4330127 | R17: =IF($L$17=$AI$7,$C$17*SIN(R13 + $F$17),0) -> -0.22414387 | S17: =IF($L$17=$AI$7,$C$17*SIN(S13 + $F$17),0) -> -1.0610097e-16 | T17: =IF($L$17=$AI$7,$C$17*SIN(T13 + $F$17),0) -> 0.22414387 | ... AY17: =IF($L$17=$AI$7,$C$17*SIN(AY13 + $F$17),0) -> 0.75
B18: =IF(AND(C15=C18,E15=E18,F15=F18),"Kontrolle ok","Fehler") -> Kontrolle ok | C18: =SQRT(C16^2+C17^2) -> 1 | E18: =DEGREES(F18) -> -60 | F18: =ATAN2(C16,C17) -> -1.0471976 | J18: I = IP + IQ = | K18: =IF($L$18=$AI$7,K16+K17,"") | L18: Nein | M18: =IF($L$18=$AI$7,M16+M17,0) -> 0 | N18: =IF($L$18=$AI$7,N16+N17,0) -> 0 | O18: =IF($L$18=$AI$7,O16+O17,0) -> 0 | P18: =IF($L$18=$AI$7,P16+P17,0) -> 0 | Q18: =IF($L$18=$AI$7,Q16+Q17,0) -> 0 | R18: =IF($L$18=$AI$7,R16+R17,0) -> 0 | S18: =IF($L$18=$AI$7,S16+S17,0) -> 0 | T18: =IF($L$18=$AI$7,T16+T17,0) -> 0 | ... AY18: =IF($L$18=$AI$7,AY16+AY17,0) -> 0
J21: Scheinleistung S = U *I = | K21: =IF($L$21=$AI$7,K14*K15,"") -> 0 | L21: Ja | M21: =IF($L$21=$AI$7,M14*M15,0) -> 0 | N21: =IF($L$21=$AI$7,N14*N15,0) -> -0.1830127 | O21: =IF($L$21=$AI$7,O14*O15,0) -> -0.25 | P21: =IF($L$21=$AI$7,P14*P15,0) -> -0.1830127 | Q21: =IF($L$21=$AI$7,Q14*Q15,0) -> 0 | R21: =IF($L$21=$AI$7,R14*R15,0) -> 0.25 | S21: =IF($L$21=$AI$7,S14*S15,0) -> 0.5 | T21: =IF($L$21=$AI$7,T14*T15,0) -> 0.6830127 | ... AY21: =IF($L$21=$AI$7,AY14*AY15,0) -> -0.25
J22: Wirkleistung P = U *IP = | K22: =IF($L$21=$AI$7,K15*K16,"") -> 0 | L22: Ja | M22: =IF($L$22=$AI$7,M14*M16,0) -> 0 | N22: =IF($L$22=$AI$7,N14*N16,0) -> 0.033493649 | O22: =IF($L$22=$AI$7,O14*O16,0) -> 0.125 | P22: =IF($L$22=$AI$7,P14*P16,0) -> 0.25 | Q22: =IF($L$22=$AI$7,Q14*Q16,0) -> 0.375 | R22: =IF($L$22=$AI$7,R14*R16,0) -> 0.46650635 | S22: =IF($L$22=$AI$7,S14*S16,0) -> 0.5 | T22: =IF($L$22=$AI$7,T14*T16,0) -> 0.46650635 | ... AY22: =IF($L$22=$AI$7,AY14*AY16,0) -> 0.125
J23: Blindleistung Q = U *IQ = | K23: =IF($L$21=$AI$7,K16*K17,"") -> -0.16492587 | L23: Ja | M23: =IF($L$23=$AI$7,M14*M17,0) -> 0 | N23: =IF($L$23=$AI$7,N14*N17,0) -> -0.21650635 | O23: =IF($L$23=$AI$7,O14*O17,0) -> -0.375 | P23: =IF($L$23=$AI$7,P14*P17,0) -> -0.4330127 | Q23: =IF($L$23=$AI$7,Q14*Q17,0) -> -0.375 | R23: =IF($L$23=$AI$7,R14*R17,0) -> -0.21650635 | S23: =IF($L$23=$AI$7,S14*S17,0) -> -1.0610097e-16 | T23: =IF($L$23=$AI$7,T14*T17,0) -> 0.21650635 | ... AY23: =IF($L$23=$AI$7,AY14*AY17,0) -> -0.375
C59: Eingangsspannung: | E59: U(t)=Û⋅sin(ωt) | G59: Ueff = Û/Wurzel(2)
C60: Strom: | E60: I(t)=Î⋅sin(ωt+φ) | G60: Ieff = Î/Wurzel(2)
C61: Momentanleistung: | E61: P(t)=U(t)⋅I(t) = Û⋅sin(ωt) * Î⋅sin(ωt+φ)
C63: Additionstheoremen: | E63: sin(a) * sin(b) = 1/2​[cos(a−b) − cos(a+b)] | J63: cos(-φ) = cos(φ)
C64: Eingesetzt: | E64: P(t) = 1/2 * Û* Î * [cos(ωt-ωt-φ) - cos(ωt+ωt+φ)] = 1/2 * Û* Î * [cos(-φ) - cos(2ωt+φ)] = 1/2 * Û* Î * [cos(φ) - cos(2ωt+φ)]
E66: P(t) =Ueff * Ieff * [cos(φ) - cos(2ωt+φ)]
C68: Die mittlere Leistung über eine Periode T ergibt sich durch Mittelung von p(t):
C74: Die zweite Komponente cos(2ωt+φ) hat über eine volle Periode den Mittelwert 0.

Sheet 3-Phasenstrom
C2: 3-Phasenstrom (Verkettete Spannung) | AQ2: Ja
AA3: WURZEL(3)/2 = | AB3: =SQRT(3)/2 -> 0.8660254 | AG3: 1/WURZEL(2) = | AH3: =1/SQRT(2) -> 0.70710678 | AQ3: Nein
AA4: cos(30°) = | AB4: =COS(RADIANS(30)) -> 0.8660254 | AD4: cos(60°) = | AE4: =COS(RADIANS(60)) -> 0.5 | AG4: cos(45°) = | AH4: =COS(RADIANS(45)) -> 0.70710678
AA5: sin(60°) = | AB5: =SIN(RADIANS(60)) -> 0.8660254 | AD5: cos(30°) = | AE5: =SIN(RADIANS(30)) -> 0.5 | AG5: cos(45°) = | AH5: =SIN(RADIANS(45)) -> 0.70710678
B9: Vektor Definition (Umrechnen von Polar- zu kartesischen Koordinaten) | M9: Wertetabelle für Grafik | R9: Skala | X9: Horizontale L2H | AA9: Vertikale L2V
B10: Bezeichnung | C10: Û | D10: UEffektiv | E10: Winkel | F10: Winkelmass | G10: Winkel | H10: Winkelmass | I10: x | J10: y | M10: x1 | N10: x2 | O10: y1 | P10: y2 | R10: max(abs()) | X10: 0 | Y10: =C12*COS(G12) -> -162.63456 | AA10: =Y10 -> -162.63456 | AB10: =Y10 -> -162.63456
B11: L1 | C11: =D11 * SQRT(2) -> 325.26912 | D11: 230 | E11: 0 | F11: ° | G11: =E11*PI()/180 -> 0 | H11: rad | I11: =C11*COS(G11) -> 325.26912 | J11: =C11*SIN(G11) -> 0 | M11: 0 | N11: =I11 -> 325.26912 | O11: 0 | P11: =J11 -> 0 | R11: =MAX(ABS(P11),ABS(N12),ABS(P12),ABS(N11),ABS(N14),ABS(P14)) -> 325.26912 | S11: =R12 -> 357.79603 | T11: 0 | U11: =-S11 -> -357.79603 | V11: 0 | X11: 0 | Y11: 0 | AA11: 0 | AB11: =C12*SIN(G12) -> 281.69132
B12: L2 | C12: =D12 * SQRT(2) -> 325.26912 | D12: 230 | E12: 120 | F12: =F11 -> ° | G12: =E12*PI()/180 -> 2.0943951 | H12: rad | I12: =C12*COS(G12) -> -162.63456 | J12: =C12*SIN(G12) -> 281.69132 | M12: 0 | N12: =I12 -> -162.63456 | O12: 0 | P12: =J12 -> 281.69132 | R12: =R11*1.1 -> 357.79603 | S12: 0 | T12: =S11 -> 357.79603 | U12: 0 | V12: =U11 -> -357.79603
B13: L3 | C13: =D13 * SQRT(2) -> 325.26912 | D13: 230 | E13: 240 | F13: =F12 -> ° | G13: =E13*PI()/180 -> 4.1887902 | H13: rad | I13: =C13*COS(G13) -> -162.63456 | J13: =C13*SIN(G13) -> -281.69132 | M13: 0 | N13: =I13 -> -162.63456 | O13: 0 | P13: =J13 -> -281.69132 | R13: =R12*1.1 -> 393.57563 | S13: 0 | T13: =S12 -> 0 | U13: 0 | V13: =U12 -> 0
B14: L1 - L2 | C14: =SQRT(I14^2+J14^2) -> 563.38264 | E14: =G14*180/PI() -> 150 | F14: =F12 -> ° | G14: =ATAN2(I14,J14) -> 2.6179939 | H14: =H12 -> rad | I14: =I12-I11 -> -487.90368 | J14: =J12-J11 -> 281.69132 | M14: =N11 -> 325.26912 | N14: =N12 -> -162.63456 | O14: =P11 -> 0 | P14: =P12 -> 281.69132 | X14: L1 + L2H = | Y14: =C11-Y10 -> 487.90368
AB15: L2V = | AC15: =AB11 -> 281.69132
AB16: L1 - L2 = | AC16: =SQRT(Y14^2+AC15^2) -> 563.38264 | AD16: =C11*SQRT(3) -> 563.38264
Q20: Winkel [°] | R20: 0 | S20: =R20+10 -> 10 | T20: =S20+10 -> 20 | U20: =T20+10 -> 30 | V20: =U20+10 -> 40 | W20: =V20+10 -> 50 | X20: =W20+10 -> 60 | Y20: =X20+10 -> 70 | Z20: =Y20+10 -> 80 | ... BB20: =BA20+10 -> 360
Q21: Winkel [rad] | R21: =R20*PI()/180 -> 0 | S21: =S20*PI()/180 -> 0.17453293 | T21: =T20*PI()/180 -> 0.34906585 | U21: =U20*PI()/180 -> 0.52359878 | V21: =V20*PI()/180 -> 0.6981317 | W21: =W20*PI()/180 -> 0.87266463 | X21: =X20*PI()/180 -> 1.0471976 | Y21: =Y20*PI()/180 -> 1.2217305 | ... BB21: =BB20*PI()/180 -> 6.2831853
Q22: L1 | R22: =$C$11*SIN(R21+$G$11) -> 0 | S22: =$C$11*SIN(S21+$G$11) -> 56.48239 | T22: =$C$11*SIN(T21+$G$11) -> 111.24859 | U22: =$C$11*SIN(U21+$G$11) -> 162.63456 | V22: =$C$11*SIN(V21+$G$11) -> 209.07896 | W22: =$C$11*SIN(W21+$G$11) -> 249.1706 | X22: =$C$11*SIN(X21+$G$11) -> 281.69132 | Y22: =$C$11*SIN(Y21+$G$11) -> 305.65299 | ... BB22: =$C$11*SIN(BB21+$G$11) -> -7.9700592e-14
Q23: L2 | R23: =$C$12*SIN(R21+$G$12) -> 281.69132 | S23: =$C$12*SIN(S21+$G$12) -> 249.1706 | T23: =$C$12*SIN(T21+$G$12) -> 209.07896 | U23: =$C$12*SIN(U21+$G$12) -> 162.63456 | V23: =$C$12*SIN(V21+$G$12) -> 111.24859 | W23: =$C$12*SIN(W21+$G$12) -> 56.48239 | X23: =$C$12*SIN(X21+$G$12) -> 3.9850296e-14 | Y23: =$C$12*SIN(Y21+$G$12) -> -56.48239 | ... BB23: =$C$12*SIN(BB21+$G$12) -> 281.69132
Q24: L3 | R24: =$C$13*SIN(R21+$G$13) -> -281.69132 | S24: =$C$13*SIN(S21+$G$13) -> -305.65299 | T24: =$C$13*SIN(T21+$G$13) -> -320.32755 | U24: =$C$13*SIN(U21+$G$13) -> -325.26912 | V24: =$C$13*SIN(V21+$G$13) -> -320.32755 | W24: =$C$13*SIN(W21+$G$13) -> -305.65299 | X24: =$C$13*SIN(X21+$G$13) -> -281.69132 | Y24: =$C$13*SIN(Y21+$G$13) -> -249.1706 | ... BB24: =$C$13*SIN(BB21+$G$13) -> -281.69132
Q25: L1 - L2 | R25: =R22-R24 -> 281.69132 | S25: =S22-S24 -> 362.13538 | T25: =T22-T24 -> 431.57614 | U25: =U22-U24 -> 487.90368 | V25: =V22-V24 -> 529.40651 | W25: =W22-W24 -> 554.82359 | X25: =X22-X24 -> 563.38264 | Y25: =Y22-Y24 -> 554.82359 | ... BB25: =BB22-BB24 -> 281.69132
Q26: L1 - L2 | R26: =R22-R23 -> -281.69132 | S26: =S22-S23 -> -192.68821 | T26: =T22-T23 -> -97.830369 | U26: =U22-U23 -> 0 | V26: =V22-V23 -> 97.830369 | W26: =W22-W23 -> 192.68821 | X26: =X22-X23 -> 281.69132 | Y26: =Y22-Y23 -> 362.13538 | ... BB26: =BB22-BB23 -> -281.69132
B44: Grüne Felder | D44: Eingabefelder (Winkelmass ist eine Auswahlliste von °, rad)
B45: Gelbe Felder | D45: Mit Formel berechnet
B46: Weisse Felder | D46: Statische Felder
B50: L1 - L2 = | C50: 230 *(sin(x) - sin(x + 120°)
B86: Sternschaltung | M86: U1N = U2N = U3N = | N86: 300 | O86: V (Effektiv) | Q86: =N86*SQRT(2) -> 424.26407 | R86: V (Spitzenwert)
M87: U21 = U23 = U32 = | N87: =N86*SQRT(3) -> 519.61524 | O87: V (Effektiv) | Q87: =N87*SQRT(2) -> 734.84692 | R87: V (Spitzenwert)
M88: R1 = | N88: 40 | O88: Ω
M89: R2 = | N89: 80 | O89: Ω
M90: R3 = | N90: 160 | O90: Ω
J94: Nulleiter angeschlossen | Q94: Ohne Nulleiter
J96: P1 = | K96: U1N2/R1 = | L96: =$N$86^2/$N$88 -> 2250 | M96: W
J97: P2 = | K97: U2N2/R2 = | L97: =$N$86^2/$N$89 -> 1125 | M97: W
J98: P3 = | K98: U3N2/R3 = | L98: =$N$86^2/$N$90 -> 562.5 | M98: W
J99: PTotal = | K99: P1 + P2 +P3 = | L99: =SUM(L96:L98) -> 3937.5 | M99: W
J101: I1 = | K101: U1N/R1 = | L101: =$N$86/N88 -> 7.5 | M101: A
J102: I2 = | K102: U2N/R2 = | L102: =$N$86/N89 -> 3.75 | M102: A
J103: I3 = | K103: U3N/R3 = | L103: =$N$86/N90 -> 1.875 | M103: A
J106: Vektoren | K106: Winkel [°] | L106: Betrag | M106: x | N106: y
J107: I1: | K107: 0 | L107: =L101 -> 7.5 | M107: =L107*COS(RADIANS(K107)) -> 7.5 | N107: =L107*SIN(RADIANS(K107)) -> 0
J108: I2: | K108: 120 | L108: =L102 -> 3.75 | M108: =L108*COS(RADIANS(K108)) -> -1.875 | N108: =L108*SIN(RADIANS(K108)) -> 3.2475953
J109: I3: | K109: 240 | L109: =L103 -> 1.875 | M109: =L109*COS(RADIANS(K109)) -> -0.9375 | N109: =L109*SIN(RADIANS(K109)) -> -1.6237976
J110: ITotal: | K110: =IF(N110<>0,DEGREES(ATAN2(M110,N110)),0) -> 19.106605 | L110: =SQRT(M110^2+N110^2) -> 4.9607837 | M110: =SUM(M107:M109) -> 4.6875 | N110: =SUM(N107:N109) -> 1.6237976
K114: x1 | L114: x2 | M114: y1 | N114: y2
J115: I1: | K115: 0 | L115: =M107 -> 7.5 | M115: 0 | N115: =N107 -> 0
J116: I2: | K116: =IF($L$121=$AQ$3,0,L115) -> 0 | L116: =IF($L$121=$AQ$3,M108,L115+M108) -> -1.875 | M116: =IF($L$121=$AQ$3,0,N115) -> 0 | N116: =IF($L$121=$AQ$3,N108,N115+N108) -> 3.2475953
J117: I3: | K117: =IF($L$121=$AQ$3,0,L116) -> 0 | L117: =IF($L$121=$AQ$3,M109,L116+M109) -> -0.9375 | M117: =IF($L$121=$AQ$3,0,N116) -> 0 | N117: =IF($L$121=$AQ$3,N109,N116+N109) -> -1.6237976
J118: ITotal: | K118: 0 | L118: =M110 -> 4.6875 | M118: 0 | N118: =N110 -> 1.6237976
M119: Skala: | N119: =1.2*MAX(L107:N118,K115:K118) -> 9
K121: Grafisch zeigen: | L121: Nein
M123: xAchse | N123: =-N119 -> -9 | O123: =N119 -> 9
N124: 0 | O124: 0
M125: yAchse | N125: 0 | O125: 0
N126: =N123 -> -9 | O126: =O123 -> 9

Sheet Gemischte Schaltung
C2: Gemischte Schaltungen
P5: R1 | Q5: = | R5: 0.5 | S5: Ω | U5: =U59 -> U1 | V5: =V59 -> = | W5: =W59 -> 0.38502674 | X5: =X59 -> V | Z5: =U98 -> I1 = I23 = I123 | AA5: =V98 -> = | AB5: =W98 -> 0.77005348 | AC5: =X98 -> A
P6: R2 | Q6: = | R6: 0.5 | S6: Ω | U6: =U62 -> U1 = U2 = U23 | V6: =V62 -> = | W6: =W62 -> 0.25668449 | X6: =X62 -> V | Z6: =U18 -> I2 | AA6: =V18 -> = | AB6: =W18 -> 0.51336898 | AC6: =X18 -> A
P7: R3 | Q7: = | R7: 1 | S7: Ω | U7: =U62 -> U1 = U2 = U23 | V7: =V62 -> = | W7: =W62 -> 0.25668449 | X7: =X62 -> V | Z7: =U21 -> I3 | AA7: =V21 -> = | AB7: =W21 -> 0.25668449 | AC7: =X21 -> A
P8: R4 | Q8: = | R8: 1 | S8: Ω | U8: =U88 -> U4 = U5 = U123 = U12345 | V8: =V88 -> = | W8: =W88 -> 0.64171123 | X8: =X88 -> V | Z8: =U24 -> I4 | AA8: =V24 -> = | AB8: =W24 -> 0.64171123 | AC8: =X24 -> A
P9: R5 | Q9: = | R9: 2 | S9: Ω | U9: =U88 -> U4 = U5 = U123 = U12345 | V9: =V88 -> = | W9: =W88 -> 0.64171123 | X9: =X88 -> V | Z9: =U27 -> I5 | AA9: =V27 -> = | AB9: =W27 -> 0.32085561 | AC9: =X27 -> A
P10: R6 | Q10: = | R10: 2 | S10: Ω | U10: =U144 -> U6 | V10: =V144 -> = | W10: =W144 -> 3.4652406 | X10: =X144 -> V | Z10: =U183 -> I6 = I12345 = I123456 | AA10: =V183 -> = | AB10: =W183 -> 1.7326203 | AC10: =X183 -> A
P11: R7 | Q11: = | R11: 0.5 | S11: Ω | U11: =U31 -> U7 | V11: =V31 -> = | W11: =W31 -> 2.0534759 | X11: =X31 -> V | Z11: =U68 -> I7 = I8 = I78 | AA11: =V68 -> = | AB11: =W68 -> 4.1069519 | AC11: =X68 -> A
P12: R8 | Q12: = | R12: 0.5 | S12: Ω | U12: =U34 -> U8 | V12: =V34 -> = | W12: =W34 -> 2.0534759 | X12: =X34 -> V | Z12: =U68 -> I7 = I8 = I78 | AA12: =V68 -> = | AB12: =W68 -> 4.1069519 | AC12: =X68 -> A
P13: R9 | Q13: = | R13: 2 | S13: Ω | U13: =U172 -> U9 = U123456789 = U78 = U123456 | V13: =V172 -> = | W13: =W172 -> 4.1069519 | X13: =X172 -> V | Z13: =U65 -> I9 | AA13: =V65 -> = | AB13: =W65 -> 2.0534759 | AC13: =X65 -> A
P14: R10 | Q14: = | R14: 1 | S14: Ω | U14: =U229 -> U10 | V14: =V229 -> = | W14: =W229 -> 7.8930481 | X14: =X229 -> V | Z14: =U273 -> I10 = I123456789 = ITot | AA14: =V273 -> = | AB14: =W273 -> 7.8930481 | AC14: =X273 -> A
P15: RTot | Q15: = | R15: =R273 -> 1.5203252 | S15: V | U15: UTot | V15: = | W15: 12 | X15: V | Z15: =U273 -> I10 = I123456789 = ITot | AA15: =V273 -> = | AB15: =W273 -> 7.8930481 | AC15: =X273 -> A
U17: I2 | V17: = | W17: U23 / R2
P18: =P59 -> R23 | Q18: =Q59 -> = | R18: =R59 -> 0.33333333 | S18: =S59 -> Ω | U18: I2 | V18: = | W18: =W62/R6 -> 0.51336898 | X18: A
P19: =P62 -> R45 | Q19: =Q62 -> = | R19: =R62 -> 0.66666667 | S19: =S62 -> Ω
P20: =P65 -> R78 | Q20: =Q65 -> = | R20: =R65 -> 1 | S20: =S65 -> Ω | U20: I3 | V20: = | W20: U23 / R3
U21: I3 | V21: = | W21: =W62/R7 -> 0.25668449 | X21: A
P22: =P98 -> R123 | Q22: =Q98 -> = | R22: =R98 -> 0.83333333 | S22: =S98 -> Ω
P23: =P101 -> R789 | Q23: =Q101 -> = | R23: =R101 -> 0.66666667 | S23: =S101 -> Ω | U23: I4 | V23: = | W23: U12345 / R4
U24: I4 | V24: = | W24: =W88/R8 -> 0.64171123 | X24: A
P25: =P141 -> R12345 | Q25: =Q141 -> = | R25: =R141 -> 0.37037037 | S25: =S141 -> Ω
U26: I5 | V26: = | W26: U12345 / R5
P27: =P180 -> R123456 | Q27: =Q180 -> = | R27: =R180 -> 2.3703704 | S27: =S180 -> Ω | U27: I5 | V27: = | W27: =W88/R9 -> 0.32085561 | X27: A
P29: =P226 -> R123456789 | Q29: =Q226 -> = | R29: =R226 -> 0.5203252 | S29: =S226 -> Ω
U30: U7 | V30: = | W30: I78 * R7
P31: =P273 -> RTot | Q31: =Q273 -> = | R31: =R273 -> 1.5203252 | S31: =S273 -> Ω | U31: U7 | V31: = | W31: =W68*R11 -> 2.0534759 | X31: V
U33: U8 | V33: = | W33: I78 * R8
U34: U8 | V34: = | W34: =W68*R12 -> 2.0534759 | X34: V
C45: 1.Schritt
P48: =P6 -> R2 | Q48: =Q6 -> = | R48: =R6 -> 0.5 | S48: =S6 -> Ω | U48: =U98 -> I1 = I23 = I123 | V48: =V98 -> = | W48: =W98 -> 0.77005348 | X48: =X98 -> A
P49: =P7 -> R3 | Q49: =Q7 -> = | R49: =R7 -> 1 | S49: =S7 -> Ω | U49: =U226 -> U9 = U123456789 = U78 = U123456 | V49: =V226 -> = | W49: =W226 -> 4.1069519 | X49: =X226 -> V
P50: =P8 -> R4 | Q50: =Q8 -> = | R50: =R8 -> 1 | S50: =S8 -> Ω | U50: =P5 -> R1 | V50: =Q5 -> = | W50: =R5 -> 0.5 | X50: =S5 -> Ω
P51: =P9 -> R5 | Q51: =Q9 -> = | R51: =R9 -> 2 | S51: =S9 -> Ω | U51: =P59 -> R23 | V51: =Q59 -> = | W51: =R59 -> 0.33333333 | X51: =S59 -> Ω
P52: =P11 -> R7 | Q52: =Q11 -> = | R52: =R11 -> 0.5 | S52: =S11 -> Ω | U52: =P65 -> R78 | V52: =Q65 -> = | W52: =R65 -> 1 | X52: =S65 -> Ω
P53: =P12 -> R8 | Q53: =Q12 -> = | R53: =R12 -> 0.5 | S53: =S12 -> Ω | U53: =P13 -> R9 | V53: =Q13 -> = | W53: =R13 -> 2 | X53: =S13 -> Ω
P58: R23 | Q58: = | R58: R2||R3 | U58: U1 | V58: = | W58: I123 * R1
P59: R23 | Q59: = | R59: =1/(1/R6+1/R7) -> 0.33333333 | S59: Ω | U59: U1 | V59: = | W59: =W48*W50 -> 0.38502674 | X59: V
P61: R45 | Q61: = | R61: R4||R5 | U61: U23 | V61: = | W61: I123 * R23
P62: R45 | Q62: = | R62: =1/(1/R8+1/R9) -> 0.66666667 | S62: Ω | U62: U1 = U2 = U23 | V62: = | W62: =W48*W51 -> 0.25668449 | X62: V
P64: R78 | Q64: = | R64: R7 + R8 | U64: I9 | V64: = | W64: U123456789 / R9
P65: R78 | Q65: = | R65: =R11+R12 -> 1 | S65: Ω | U65: I9 | V65: = | W65: =W49/W53 -> 2.0534759 | X65: A
U67: I78 | V67: = | W67: U123456789 / R78
U68: I7 = I8 = I78 | V68: = | W68: =W49/W52 -> 4.1069519 | X68: A
U71: U1 + U23 = U12345 | V71: =IF(W59+W62=W88,1,-1) -> 1
U73: I9 + I78 = I789 | V73: =IF(W65+W68=W180,1,-1) -> 1
C88: 2.Schritt | P88: =P5 -> R1 | Q88: =Q5 -> = | R88: =R5 -> 0.5 | S88: =S5 -> Ω | U88: =U141 -> U4 = U5 = U123 = U12345 | V88: =V141 -> = | W88: =W141 -> 0.64171123 | X88: =X141 -> V
P89: =P13 -> R9 | Q89: =Q13 -> = | R89: =R13 -> 2 | S89: =S13 -> Ω | U89: =P98 -> R123 | V89: =Q98 -> = | W89: =R98 -> 0.83333333 | X89: =S98 -> Ω
P90: =P59 -> R23 | Q90: =Q59 -> = | R90: =R59 -> 0.33333333 | S90: =S59 -> Ω | U90: =P135 -> R45 | V90: =Q135 -> = | W90: =R135 -> 0.66666667 | X90: =S135 -> Ω
P91: =P65 -> R78 | Q91: =Q65 -> = | R91: =R65 -> 1 | S91: =S65 -> Ω
P97: R123 | Q97: = | R97: R23 + R1 | U97: I123 | V97: = | W97: U12345 / R123
P98: R123 | Q98: = | R98: =R90+R88 -> 0.83333333 | S98: Ω | U98: I1 = I23 = I123 | V98: = | W98: =W88/W89 -> 0.77005348 | X98: A
P100: R789 | Q100: = | R100: R9||R78 | U100: I45 | V100: = | W100: U12345 / R45
P101: R789 | Q101: = | R101: =1/(1/R89+1/R91) -> 0.66666667 | S101: Ω | U101: I45 | V101: = | W101: =W88/W90 -> 0.96256684 | X101: A
U104: I123 + I45 = I123456 | V104: =IF(W98+W101=W137,1,-1) -> 1
C130: 3.Schritt
P135: =P62 -> R45 | Q135: =Q62 -> = | R135: =R62 -> 0.66666667 | S135: =S62 -> Ω | U135: =P141 -> R12345 | V135: =Q141 -> = | W135: =R141 -> 0.37037037 | X135: =S141 -> Ω
P136: =P98 -> R123 | Q136: =Q98 -> = | R136: =R98 -> 0.83333333 | S136: =S98 -> Ω | U136: =P172 -> R6 | V136: =Q172 -> = | W136: =R172 -> 2 | X136: =S172 -> Ω
U137: =U183 -> I6 = I12345 = I123456 | V137: =V183 -> = | W137: =W183 -> 1.7326203 | X137: =X183 -> A
P140: R12345 | Q140: = | R140: R45||R123 | U140: U12345 | V140: = | W140: I123456 * R12345
P141: R12345 | Q141: = | R141: =1/(1/R135+1/R136) -> 0.37037037 | S141: Ω | U141: U4 = U5 = U123 = U12345 | V141: = | W141: =W137*W135 -> 0.64171123 | X141: V
U143: U6 | V143: = | W143: I123456 * R6
U144: U6 | V144: = | W144: =W137*W136 -> 3.4652406 | X144: V
U146: U6 + U12345 = U123456789 = | V146: =IF(W144+W141=W172,1,-1) -> 1
C170: 4.Schritt
E171: =$W$273 -> 7.8930481
P172: =P10 -> R6 | Q172: =Q10 -> = | R172: =R10 -> 2 | S172: =S10 -> Ω | U172: =U226 -> U9 = U123456789 = U78 = U123456 | V172: =V226 -> = | W172: =W226 -> 4.1069519 | X172: =X226 -> V
P173: =P141 -> R12345 | Q173: =Q141 -> = | R173: =R141 -> 0.37037037 | S173: =S141 -> Ω | U173: =P180 -> R123456 | V173: =Q180 -> = | W173: =R180 -> 2.3703704 | X173: =S180 -> Ω
U174: =P217 -> R789 | V174: =Q217 -> = | W174: =R217 -> 0.66666667 | X174: =S217 -> Ω
U175: =P267 -> R10 | V175: =Q267 -> = | W175: =R267 -> 1 | X175: =S267 -> Ω
U176: =U217 -> I10 = I123456789 = ITot | V176: =V217 -> = | W176: =W217 -> 7.8930481 | X176: =X217 -> A
F178: =$W$226 -> 4.1069519 | I178: =$W$226 -> 4.1069519
D179: =$W$229 -> 7.8930481 | P179: R123456 | Q179: = | R179: R6 + R12345 | U179: I789 | V179: = | W179: U123456789 / R789
P180: R123456 | Q180: = | R180: =R172+R173 -> 2.3703704 | S180: Ω | U180: I789 | V180: = | W180: =W172/W174 -> 6.1604278 | X180: A
U182: I123456 | V182: = | W182: U123456789 / R123456
U183: I6 = I12345 = I123456 | V183: = | W183: =W172/W173 -> 1.7326203 | X183: A
U186: I789 + I123456 = ITot | V186: =IF(W180+W183=W273,1,-1) -> 1
G187: =W180 -> 6.1604278 | I187: =$W$183 -> 1.7326203
C213: 5.Schritt
P217: =P101 -> R789 | Q217: =Q101 -> = | R217: =R101 -> 0.66666667 | S217: =S101 -> Ω | U217: =U273 -> I10 = I123456789 = ITot | V217: =V273 -> = | W217: =W273 -> 7.8930481 | X217: =X273 -> A
P218: =P180 -> R123456 | Q218: =Q180 -> = | R218: =R180 -> 2.3703704 | S218: =S180 -> Ω | U218: =P226 -> R123456789 | V218: =Q226 -> = | W218: =R226 -> 0.5203252 | X218: =S226 -> Ω
H219: =$W$273 -> 7.8930481 | U219: =P267 -> R10 | V219: =Q267 -> = | W219: =R267 -> 1 | X219: =S267 -> Ω
D221: =$W$229 -> 7.8930481
I225: =$W$226 -> 4.1069519 | P225: R123456789 | Q225: = | R225: R789||R123456 | U225: U123456789 | V225: = | W225: ITot * R123456789
P226: R123456789 | Q226: = | R226: =1/(1/R217+1/R218) -> 0.5203252 | S226: Ω | U226: U9 = U123456789 = U78 = U123456 | V226: = | W226: =W218*W217 -> 4.1069519 | X226: V
U228: U10 | V228: = | W228: ITot * R10
U229: U10 | V229: = | W229: =W217*W219 -> 7.8930481 | X229: V
U232: U10 + U123456789 = UTot | V232: =IF(W226+W229=W267,1,-1) -> 1
C257: 6.Schritt
P267: =P14 -> R10 | Q267: =Q14 -> = | R267: =R14 -> 1 | S267: =S14 -> Ω | U267: =U15 -> UTot | V267: =V15 -> = | W267: =W15 -> 12 | X267: =X15 -> V
H268: =$W$273 -> 7.8930481 | P268: =P226 -> R123456789 | Q268: =Q226 -> = | R268: =R226 -> 0.5203252 | S268: =S226 -> Ω | U268: =P273 -> RTot | V268: =Q273 -> = | W268: =R273 -> 1.5203252 | X268: =S273 -> Ω
P272: RTot | Q272: = | R272: R10 + R123456789 | U272: ITot | V272: = | W272: UTot / RTot
I273: =W267 -> 12 | P273: RTot | Q273: = | R273: =R267+R268 -> 1.5203252 | S273: Ω | U273: I10 = I123456789 = ITot | V273: = | W273: =W267/W268 -> 7.8930481 | X273: A

Sheet Theoreme
C2: Trigonometrischen Theoreme und Identitäten

Sheet Fläche eines Polygones
C2: Polygone-Fläche
C22: Punkte | D22: x | E22: y | F22: s1 = xi * yi+1 | G22: s2 = xi+1 * yi | H22: s1 -s2 | L22: s1x = xi + xi+1 | M22: s2x = xi + xi+1
C23: P1 | D23: 0 | E23: 0 | F23: =D23*E24 -> 0 | G23: =D24*E23 -> 0 | H23: =F23-G23 -> 0 | L23: =D23+D24 -> 4
C24: P2 | D24: 4 | E24: 0 | F24: =D24*E25 -> 12 | G24: =D25*E24 -> 0 | H24: =F24-G24 -> 12
C25: P3 | D25: 2 | E25: 3 | F25: =D25*E26 -> 6 | G25: =D26*E25 -> 3 | H25: =F25-G25 -> 3
C26: P4 | D26: 1 | E26: 3 | F26: =D26*E27 -> 0 | G26: =D27*E26 -> 0 | H26: =F26-G26 -> 0
C27: P5 | D27: 0 | E27: 0 | F27: =D27*E28 -> 0 | G27: =D28*E27 -> 0 | H27: =F27-G27 -> 0
C28: P6 | D28: 0 | E28: 0 | F28: =D28*E29 -> 0 | G28: =D29*E28 -> 0 | H28: =F28-G28 -> 0
C29: P7 | D29: 0 | E29: 0 | F29: =D29*E30 -> 0 | G29: =D30*E29 -> 0 | H29: =F29-G29 -> 0
C30: P8 | D30: 0 | E30: 0 | F30: =D30*E31 -> 0 | G30: =D31*E30 -> 0 | H30: =F30-G30 -> 0
C31: P9 | D31: 0 | E31: 0 | F31: =D31*E32 -> 0 | G31: =D32*E31 -> 0 | H31: =F31-G31 -> 0
C32: P10 | D32: 0 | E32: 0 | F32: =D32*E33 -> 0 | G32: =D33*E32 -> 0 | H32: =F32-G32 -> 0
C33: P11 | D33: 0 | E33: 0 | F33: =D33*E34 -> 0 | G33: =D34*E33 -> 0 | H33: =F33-G33 -> 0
C34: P12 | D34: 0 | E34: 0 | F34: =D34*E35 -> 0 | G34: =D35*E34 -> 0 | H34: =F34-G34 -> 0
C35: P13 | D35: 0 | E35: 0 | F35: =D35*E36 -> 0 | G35: =D36*E35 -> 0 | H35: =F35-G35 -> 0
C36: P14 | D36: 0 | E36: 0 | F36: =D36*E37 -> 0 | G36: =D37*E36 -> 0 | H36: =F36-G36 -> 0
C37: Fläche | H37: =ABS(SUM(H23:H36))/2 -> 7.5
D42: def polygon_area_and_centroid(points):
D43: """
D44: Berechnet die Fläche und den Schwerpunkt eines Polygons.
D46: Parameter:
D47: points (list of tuple): Liste von (x, y)-Koordinaten in Reihenfolge.
D49: Rückgabe:
D50: area (float): Fläche des Polygons.
D51: centroid (tuple): (x_s, y_s) - Koordinaten des Schwerpunkts.
D52: """
D53: n = len(points)
D54: if n < 3:
D55: raise ValueError("Ein Polygon muss mindestens 3 Punkte haben.")
... D89: Schwerpunkt: (2.0, 1.0)
